hash,path,writer_id,label
d489f94a59002e1dcf445e2335fc5ba38367c2934e7efda272d38cc1ba03447b,signature_verification/full_forg/forgeries_1016_5.jpg,1016,forgery
d489f94a59002e1dcf445e2335fc5ba38367c2934e7efda272d38cc1ba03447b,signature_verification/full_forg/forgeries_1016_6.jpg,1016,forgery
6d72fdae2ed151445c6a1494fc9acb27433b07c826ccd9b9c2ace1f1f092786c,signature_verification/full_forg/forgeries_1021_1.jpg,1021,forgery
6d72fdae2ed151445c6a1494fc9acb27433b07c826ccd9b9c2ace1f1f092786c,signature_verification/full_forg/forgeries_1021_2.jpg,1021,forgery
1b39460cf545429e03443df563cacc9991bd9d4155072afd279b114874d20cea,signature_verification/full_forg/forgeries_1034_13.jpg,1034,forgery
1b39460cf545429e03443df563cacc9991bd9d4155072afd279b114874d20cea,signature_verification/full_forg/forgeries_1034_14.jpg,1034,forgery
ef77090d780deecb6ce76d987465c1e622b8b7a0063ac9fbbc0d8d9f6449f0a5,signature_verification/full_forg/forgeries_1054_5.jpg,1054,forgery
ef77090d780deecb6ce76d987465c1e622b8b7a0063ac9fbbc0d8d9f6449f0a5,signature_verification/full_forg/forgeries_1054_6.jpg,1054,forgery
14614f1a65b939d1fd4f9488c58c78d705d7ba01f0da1aeff45ec697fba89192,signature_verification/full_forg/forgeries_1080_10.jpg,1080,forgery
14614f1a65b939d1fd4f9488c58c78d705d7ba01f0da1aeff45ec697fba89192,signature_verification/full_forg/forgeries_1080_9.jpg,1080,forgery
c156a67838d402ce806ccfc580b4ee01a7a5ed61086af8df27774c3e0581ffd0,signature_verification/full_forg/forgeries_109_10.jpg,109,forgery
c156a67838d402ce806ccfc580b4ee01a7a5ed61086af8df27774c3e0581ffd0,signature_verification/full_forg/forgeries_109_9.jpg,109,forgery
009bf1aba3354be7aadfd2e0e65b45b9e649465174d4f8ac33a52a1b47f0c173,signature_verification/full_forg/forgeries_1156_10.jpg,1156,forgery
009bf1aba3354be7aadfd2e0e65b45b9e649465174d4f8ac33a52a1b47f0c173,signature_verification/full_forg/forgeries_1156_9.jpg,1156,forgery
b2f5f1c5a2f2e5b4d5b0e4d5003192e964cb84f664f4d7d59c81f6436aca8b8e,signature_verification/full_forg/forgeries_1157_13.jpg,1157,forgery
b2f5f1c5a2f2e5b4d5b0e4d5003192e964cb84f664f4d7d59c81f6436aca8b8e,signature_verification/full_forg/forgeries_1157_14.jpg,1157,forgery
bd47847b33e18439c6a28be1d5dce45f879af534f652572493d4175733ce8944,signature_verification/full_forg/forgeries_1209_5.jpg,1209,forgery
bd47847b33e18439c6a28be1d5dce45f879af534f652572493d4175733ce8944,signature_verification/full_forg/forgeries_1209_6.jpg,1209,forgery
d0b93fc4a0a01c047f924dfea4313635f0d30e7ccbcca2fa4e0b48eaa2e786a3,signature_verification/full_forg/forgeries_1224_1.jpg,1224,forgery
d0b93fc4a0a01c047f924dfea4313635f0d30e7ccbcca2fa4e0b48eaa2e786a3,signature_verification/full_forg/forgeries_1224_2.jpg,1224,forgery
572e54b96b09f01a0211560cc2ffadd3e4798e2270cefb6f4477230782dad0a7,signature_verification/full_forg/forgeries_1234_13.jpg,1234,forgery
572e54b96b09f01a0211560cc2ffadd3e4798e2270cefb6f4477230782dad0a7,signature_verification/full_forg/forgeries_1234_14.jpg,1234,forgery
5760209bae13a944d0375bc558b79582dd3260dd46965e53e306642d4a97b9cb,signature_verification/full_forg/forgeries_1256_10.jpg,1256,forgery
5760209bae13a944d0375bc558b79582dd3260dd46965e53e306642d4a97b9cb,signature_verification/full_forg/forgeries_1256_9.jpg,1256,forgery
f2a1a789a95905b66c98b5ee567618219dfe80d44478ae827d8080dee166ad8d,signature_verification/full_forg/forgeries_1286_5.jpg,1286,forgery
f2a1a789a95905b66c98b5ee567618219dfe80d44478ae827d8080dee166ad8d,signature_verification/full_forg/forgeries_1286_6.jpg,1286,forgery
23e8ffb923addca05f1e1ed1214ad3339eb67408ed2e3e48053a69c83b1aeba5,signature_verification/full_forg/forgeries_1293_1.jpg,1293,forgery
23e8ffb923addca05f1e1ed1214ad3339eb67408ed2e3e48053a69c83b1aeba5,signature_verification/full_forg/forgeries_1293_2.jpg,1293,forgery
96c9d6334ac413b5949941578e085f2f78400957ad92e805ffa495e5c9fd0731,signature_verification/full_forg/forgeries_1312_13.jpg,1312,forgery
96c9d6334ac413b5949941578e085f2f78400957ad92e805ffa495e5c9fd0731,signature_verification/full_forg/forgeries_1312_14.jpg,1312,forgery
3ac7618bdb544d5c1eedb3b8fbcadb7beb5ae59a6e1a7497685d29058657fdf5,signature_verification/full_forg/forgeries_1314_5.jpg,1314,forgery
3ac7618bdb544d5c1eedb3b8fbcadb7beb5ae59a6e1a7497685d29058657fdf5,signature_verification/full_forg/forgeries_1314_6.jpg,1314,forgery
622545abc6812c94585a789781599e8d2d5cc2995c043de53ed6d6810a91ad68,signature_verification/full_forg/forgeries_1385_1.jpg,1385,forgery
622545abc6812c94585a789781599e8d2d5cc2995c043de53ed6d6810a91ad68,signature_verification/full_forg/forgeries_1385_2.jpg,1385,forgery
6572e6c6843071530a9a5a9ba64fe8035af9ba79e76260f8ca7df73f9a641c10,signature_verification/full_forg/forgeries_1388_1.jpg,1388,forgery
6572e6c6843071530a9a5a9ba64fe8035af9ba79e76260f8ca7df73f9a641c10,signature_verification/full_forg/forgeries_1388_2.jpg,1388,forgery
83af6c4ff888d8b73ad43007c7e18d77a6b0d0c6aba2de5acffb196c8cb4b65d,signature_verification/full_forg/forgeries_1389_10.jpg,1389,forgery
83af6c4ff888d8b73ad43007c7e18d77a6b0d0c6aba2de5acffb196c8cb4b65d,signature_verification/full_forg/forgeries_1389_9.jpg,1389,forgery
612f4d48590218f99195ad72c4ecbf4cd59c37182c253cd30485ea1c3a8bed4e,signature_verification/full_forg/forgeries_1389_13.jpg,1389,forgery
612f4d48590218f99195ad72c4ecbf4cd59c37182c253cd30485ea1c3a8bed4e,signature_verification/full_forg/forgeries_1389_14.jpg,1389,forgery
dbcb706237787e67197d180a6b1c7db6154b7bdb0b218ed4959c3e9d743531ac,signature_verification/full_forg/forgeries_1396_10.jpg,1396,forgery
dbcb706237787e67197d180a6b1c7db6154b7bdb0b218ed4959c3e9d743531ac,signature_verification/full_forg/forgeries_1396_9.jpg,1396,forgery
b2bf18a57295063717531c3ca7db24de0a62141598b804e3ce788f565371ca84,signature_verification/full_forg/forgeries_13_10.jpg,13,forgery
b2bf18a57295063717531c3ca7db24de0a62141598b804e3ce788f565371ca84,signature_verification/full_forg/forgeries_13_9.jpg,13,forgery
58ec40d697bed594e2e00dcf26dbde14dd0f577ab87a3f5b29ad12c8bac5dca9,signature_verification/full_forg/forgeries_1404_10.jpg,1404,forgery
58ec40d697bed594e2e00dcf26dbde14dd0f577ab87a3f5b29ad12c8bac5dca9,signature_verification/full_forg/forgeries_1404_9.jpg,1404,forgery
0c1237e9c2ef95daf78f869f7d6e68bbaacfa621f0f5a5febae58f3f2262e174,signature_verification/full_forg/forgeries_1414_1.jpg,1414,forgery
0c1237e9c2ef95daf78f869f7d6e68bbaacfa621f0f5a5febae58f3f2262e174,signature_verification/full_forg/forgeries_1414_2.jpg,1414,forgery
0481282f645f2388403ea9d953cd44a0e547d5763646a4bb257ddc88fbe2951e,signature_verification/full_forg/forgeries_1483_5.jpg,1483,forgery
0481282f645f2388403ea9d953cd44a0e547d5763646a4bb257ddc88fbe2951e,signature_verification/full_forg/forgeries_1483_6.jpg,1483,forgery
42e9421071a2ea10757ea3d1e6f115149008f084ad88c367aeb1bee52181a512,signature_verification/full_forg/forgeries_1494_13.jpg,1494,forgery
42e9421071a2ea10757ea3d1e6f115149008f084ad88c367aeb1bee52181a512,signature_verification/full_forg/forgeries_1494_14.jpg,1494,forgery
8b12c59c330cf23e7c31f0fe77869ff0c1972c795a13977fd93abcc84d89c614,signature_verification/full_forg/forgeries_1496_13.jpg,1496,forgery
8b12c59c330cf23e7c31f0fe77869ff0c1972c795a13977fd93abcc84d89c614,signature_verification/full_forg/forgeries_1496_14.jpg,1496,forgery
2b034fddbc0041d34639b437accb2ee4fa0d26c80f1cc27afd56422588b7759a,signature_verification/full_forg/forgeries_1511_13.jpg,1511,forgery
2b034fddbc0041d34639b437accb2ee4fa0d26c80f1cc27afd56422588b7759a,signature_verification/full_forg/forgeries_1511_14.jpg,1511,forgery
7377bdf2bb3286b6f86a04bd2192ed2f8d055fae926f67f83be0c0cc155b42cf,signature_verification/full_forg/forgeries_1518_5.jpg,1518,forgery
7377bdf2bb3286b6f86a04bd2192ed2f8d055fae926f67f83be0c0cc155b42cf,signature_verification/full_forg/forgeries_1518_6.jpg,1518,forgery
db969cffe01e531fca26017fc8ffdda5c3a5288c031b33f77dc2012d7a106d40,signature_verification/full_forg/forgeries_1535_10.jpg,1535,forgery
db969cffe01e531fca26017fc8ffdda5c3a5288c031b33f77dc2012d7a106d40,signature_verification/full_forg/forgeries_1535_9.jpg,1535,forgery
23b001d4ef953504c761426256858aa84dcf5eba449d1a1f2974b1878b330a89,signature_verification/full_forg/forgeries_1543_13.jpg,1543,forgery
23b001d4ef953504c761426256858aa84dcf5eba449d1a1f2974b1878b330a89,signature_verification/full_forg/forgeries_1543_14.jpg,1543,forgery
826286f6a9948a9ef33505ae15a8c778bf20038d81d7e735c9d4408b3e4357e6,signature_verification/full_forg/forgeries_1544_13.jpg,1544,forgery
826286f6a9948a9ef33505ae15a8c778bf20038d81d7e735c9d4408b3e4357e6,signature_verification/full_forg/forgeries_1544_14.jpg,1544,forgery
669ee5ced48bdac4f6efd71813241cda081249f98b04a1e7f57c73ad6a23e4fc,signature_verification/full_forg/forgeries_1550_13.jpg,1550,forgery
669ee5ced48bdac4f6efd71813241cda081249f98b04a1e7f57c73ad6a23e4fc,signature_verification/full_forg/forgeries_1550_14.jpg,1550,forgery
29ff3fe94ba45405569eb4f7725a5be25d395c27717dc911d4e845b736c5b5dd,signature_verification/full_forg/forgeries_1556_1.jpg,1556,forgery
29ff3fe94ba45405569eb4f7725a5be25d395c27717dc911d4e845b736c5b5dd,signature_verification/full_forg/forgeries_1556_2.jpg,1556,forgery
50884a385e33c1c5ecdfba77e4b71070c0623fb4f6b909017c68d73c705c3c5c,signature_verification/full_forg/forgeries_1576_5.jpg,1576,forgery
50884a385e33c1c5ecdfba77e4b71070c0623fb4f6b909017c68d73c705c3c5c,signature_verification/full_forg/forgeries_1576_6.jpg,1576,forgery
e8c49bda6154d3dd10659e094d0527cc258c26372012cc1548b0ca50ce682160,signature_verification/full_forg/forgeries_1596_10.jpg,1596,forgery
e8c49bda6154d3dd10659e094d0527cc258c26372012cc1548b0ca50ce682160,signature_verification/full_forg/forgeries_1596_9.jpg,1596,forgery
52ebcddbb480794f065be429fd1ffc0b4b92c738108e2d611d7b79161e2c8542,signature_verification/full_forg/forgeries_1622_13.jpg,1622,forgery
52ebcddbb480794f065be429fd1ffc0b4b92c738108e2d611d7b79161e2c8542,signature_verification/full_forg/forgeries_1622_14.jpg,1622,forgery
6c8b605bb0a14402cc9881b48b5a5e7d197498c2736b9320081e9a4632da40b8,signature_verification/full_forg/forgeries_1634_5.jpg,1634,forgery
6c8b605bb0a14402cc9881b48b5a5e7d197498c2736b9320081e9a4632da40b8,signature_verification/full_forg/forgeries_1634_6.jpg,1634,forgery
a1c4cff85bdf2c1baa9397c8d72e03f8f7c142da181771d1c602af5d2ae42ffa,signature_verification/full_forg/forgeries_1650_10.jpg,1650,forgery
a1c4cff85bdf2c1baa9397c8d72e03f8f7c142da181771d1c602af5d2ae42ffa,signature_verification/full_forg/forgeries_1650_9.jpg,1650,forgery
6c7cdeee1011174ea432e2d3fb77e3c091adb596c613e83cac1b1db4f56b3c6c,signature_verification/full_forg/forgeries_1650_13.jpg,1650,forgery
6c7cdeee1011174ea432e2d3fb77e3c091adb596c613e83cac1b1db4f56b3c6c,signature_verification/full_forg/forgeries_1650_14.jpg,1650,forgery
b3eb82516fefcb49259e44ce12a4b57cde47c66a3818066028dea4adddf1167a,signature_verification/full_forg/forgeries_1652_13.jpg,1652,forgery
b3eb82516fefcb49259e44ce12a4b57cde47c66a3818066028dea4adddf1167a,signature_verification/full_forg/forgeries_1652_14.jpg,1652,forgery
79de0bf8a9e7ea2db0eae66fbdf1c83c195888953c00ccfc4da133b28a51aad9,signature_verification/full_forg/forgeries_1679_5.jpg,1679,forgery
79de0bf8a9e7ea2db0eae66fbdf1c83c195888953c00ccfc4da133b28a51aad9,signature_verification/full_forg/forgeries_1679_6.jpg,1679,forgery
0428a78c1d11e803b1765471eac4ad002dab6e153af70f703682d564af062025,signature_verification/full_forg/forgeries_169_10.jpg,169,forgery
0428a78c1d11e803b1765471eac4ad002dab6e153af70f703682d564af062025,signature_verification/full_forg/forgeries_169_9.jpg,169,forgery
3c455f7163f252304258769b14e77ee43200ad903aad7f686a654543d16e75b4,signature_verification/full_forg/forgeries_1714_1.jpg,1714,forgery
3c455f7163f252304258769b14e77ee43200ad903aad7f686a654543d16e75b4,signature_verification/full_forg/forgeries_1714_2.jpg,1714,forgery
70c6f9a307b2a88d95460705b6cd4e6de7863a692d949df634d6d5430de7da3a,signature_verification/full_forg/forgeries_1736_10.jpg,1736,forgery
70c6f9a307b2a88d95460705b6cd4e6de7863a692d949df634d6d5430de7da3a,signature_verification/full_forg/forgeries_1736_9.jpg,1736,forgery
3dbd6ca803abd2e0c30f5d3ab79e19fc5e69161e762ddc0ba1f44076f16faf32,signature_verification/full_forg/forgeries_1750_10.jpg,1750,forgery
3dbd6ca803abd2e0c30f5d3ab79e19fc5e69161e762ddc0ba1f44076f16faf32,signature_verification/full_forg/forgeries_1750_9.jpg,1750,forgery
4176cb3cd919894fe4af18ab8e7b2a42eb9ac7b1154eed79cd98eb2f5e8a85e8,signature_verification/full_forg/forgeries_1758_1.jpg,1758,forgery
4176cb3cd919894fe4af18ab8e7b2a42eb9ac7b1154eed79cd98eb2f5e8a85e8,signature_verification/full_forg/forgeries_1758_2.jpg,1758,forgery
53a8797b7930d9e4946355e7fcbc75b1f2cdf124c7b9f5ff653e2e2231aa79f1,signature_verification/full_forg/forgeries_179_5.jpg,179,forgery
53a8797b7930d9e4946355e7fcbc75b1f2cdf124c7b9f5ff653e2e2231aa79f1,signature_verification/full_forg/forgeries_179_6.jpg,179,forgery
46111e51bcb5ad081ce2eda4aabef1f23a0803ace3c0c4d0d460e5a0cb438531,signature_verification/full_forg/forgeries_1814_13.jpg,1814,forgery
46111e51bcb5ad081ce2eda4aabef1f23a0803ace3c0c4d0d460e5a0cb438531,signature_verification/full_forg/forgeries_1814_14.jpg,1814,forgery
d56a36e1722a697ac580b2d6315408d8f3c4baecb40b1bc30b00417c7ff8a4f7,signature_verification/full_forg/forgeries_1849_5.jpg,1849,forgery
d56a36e1722a697ac580b2d6315408d8f3c4baecb40b1bc30b00417c7ff8a4f7,signature_verification/full_forg/forgeries_1849_6.jpg,1849,forgery
e17d11765334c57e28a85bfdb82490e1c6f16f1cbc04ed38f19120a2c64fcf0b,signature_verification/full_forg/forgeries_1859_13.jpg,1859,forgery
e17d11765334c57e28a85bfdb82490e1c6f16f1cbc04ed38f19120a2c64fcf0b,signature_verification/full_forg/forgeries_1859_14.jpg,1859,forgery
75d77f163e8dba957797c6f5edadd73ba4a1f01107eb03e875b86889149e3c0d,signature_verification/full_forg/forgeries_1867_5.jpg,1867,forgery
75d77f163e8dba957797c6f5edadd73ba4a1f01107eb03e875b86889149e3c0d,signature_verification/full_forg/forgeries_1867_6.jpg,1867,forgery
8428847595c6f2f80ae94a04aee05f3c4e0d1142632e753626967a60c3985987,signature_verification/full_forg/forgeries_1873_13.jpg,1873,forgery
8428847595c6f2f80ae94a04aee05f3c4e0d1142632e753626967a60c3985987,signature_verification/full_forg/forgeries_1873_14.jpg,1873,forgery
475c4ffce627b2dfa151b59ae4bea6fcd5ff983404783a125db69e7084abb5d1,signature_verification/full_forg/forgeries_1910_13.jpg,1910,forgery
475c4ffce627b2dfa151b59ae4bea6fcd5ff983404783a125db69e7084abb5d1,signature_verification/full_forg/forgeries_1910_14.jpg,1910,forgery
39a098f2ae6f29e69b5c4a1c2b32ab67ff6748be36499a90f1abe16005eef728,signature_verification/full_forg/forgeries_1917_13.jpg,1917,forgery
39a098f2ae6f29e69b5c4a1c2b32ab67ff6748be36499a90f1abe16005eef728,signature_verification/full_forg/forgeries_1917_14.jpg,1917,forgery
1fffa71d8ea9e70405a8abde5531a73da43c46e72da137a098a0817ea6283b5a,signature_verification/full_forg/forgeries_1919_5.jpg,1919,forgery
1fffa71d8ea9e70405a8abde5531a73da43c46e72da137a098a0817ea6283b5a,signature_verification/full_forg/forgeries_1919_6.jpg,1919,forgery
443a7390a1e6c8011076c36c7af68e9e62deb9ea483b4480c9622a4d44e00c89,signature_verification/full_forg/forgeries_1933_10.jpg,1933,forgery
443a7390a1e6c8011076c36c7af68e9e62deb9ea483b4480c9622a4d44e00c89,signature_verification/full_forg/forgeries_1933_9.jpg,1933,forgery
73744e86b57f8613b647a733b8d3ef9e12a50a743023a78aec07048377989a3b,signature_verification/full_forg/forgeries_1955_5.jpg,1955,forgery
73744e86b57f8613b647a733b8d3ef9e12a50a743023a78aec07048377989a3b,signature_verification/full_forg/forgeries_1955_6.jpg,1955,forgery
d335f8255993045e16d6eb83f5065e68314e618ac8e6b61aa809d4b5d633d92a,signature_verification/full_forg/forgeries_1966_1.jpg,1966,forgery
d335f8255993045e16d6eb83f5065e68314e618ac8e6b61aa809d4b5d633d92a,signature_verification/full_forg/forgeries_1966_2.jpg,1966,forgery
819db318e5b6dfe7a37e9a84b7109c3461f40d739c205242a7c99fb326de2ddd,signature_verification/full_forg/forgeries_1967_5.jpg,1967,forgery
819db318e5b6dfe7a37e9a84b7109c3461f40d739c205242a7c99fb326de2ddd,signature_verification/full_forg/forgeries_1967_6.jpg,1967,forgery
b1acf3c352af3ee479c116c0987bd75eaf60dbbee1cce24c584fb098404e4753,signature_verification/full_forg/forgeries_1999_5.jpg,1999,forgery
b1acf3c352af3ee479c116c0987bd75eaf60dbbee1cce24c584fb098404e4753,signature_verification/full_forg/forgeries_1999_6.jpg,1999,forgery
5377729d5a9b43971aa9a6492b7e506c230be6fc4db95db38be9bd0f556e8cea,signature_verification/full_forg/forgeries_2005_5.jpg,2005,forgery
5377729d5a9b43971aa9a6492b7e506c230be6fc4db95db38be9bd0f556e8cea,signature_verification/full_forg/forgeries_2005_6.jpg,2005,forgery
3ca4fe43fe33775d93ff74a1b135ba59a4013f71b96b33b9832b292e22202d3d,signature_verification/full_forg/forgeries_2019_5.jpg,2019,forgery
3ca4fe43fe33775d93ff74a1b135ba59a4013f71b96b33b9832b292e22202d3d,signature_verification/full_forg/forgeries_2019_6.jpg,2019,forgery
2054ce3e5bf1fa60707abfc3e17530c6b13bfd3472ad8e321bd42fa3bd817dcc,signature_verification/full_forg/forgeries_2033_5.jpg,2033,forgery
2054ce3e5bf1fa60707abfc3e17530c6b13bfd3472ad8e321bd42fa3bd817dcc,signature_verification/full_forg/forgeries_2033_6.jpg,2033,forgery
90b34be1425c74bc67d940b0cf1f9018ff6412dd2ca56e05bd395046f3dfab25,signature_verification/full_forg/forgeries_2065_10.jpg,2065,forgery
90b34be1425c74bc67d940b0cf1f9018ff6412dd2ca56e05bd395046f3dfab25,signature_verification/full_forg/forgeries_2065_9.jpg,2065,forgery
bc053e9fd4fe2e34fd2092f8901d5fa52b9d6ef64f1f0f1c9c77ca2b1357de93,signature_verification/full_forg/forgeries_2083_5.jpg,2083,forgery
bc053e9fd4fe2e34fd2092f8901d5fa52b9d6ef64f1f0f1c9c77ca2b1357de93,signature_verification/full_forg/forgeries_2083_6.jpg,2083,forgery
32f351796eebaa71cbaa7b7ef9836babc6f3d98548a96e066c545a3de8d564d4,signature_verification/full_forg/forgeries_2103_10.jpg,2103,forgery
32f351796eebaa71cbaa7b7ef9836babc6f3d98548a96e066c545a3de8d564d4,signature_verification/full_forg/forgeries_2103_9.jpg,2103,forgery
753878688d3965b01f69ec4b54a7bd40e7995a5e84e656ff8371aede51f5d3be,signature_verification/full_forg/forgeries_2104_5.jpg,2104,forgery
753878688d3965b01f69ec4b54a7bd40e7995a5e84e656ff8371aede51f5d3be,signature_verification/full_forg/forgeries_2104_6.jpg,2104,forgery
d07cdda9dbd0c1908f1f16b664985aa4a93777dbe472629014b40df26c0e8333,signature_verification/full_forg/forgeries_2107_13.jpg,2107,forgery
d07cdda9dbd0c1908f1f16b664985aa4a93777dbe472629014b40df26c0e8333,signature_verification/full_forg/forgeries_2107_14.jpg,2107,forgery
d52d4e73666716b80bae0913b2faa04e109c8a28ba58938af3b76f6ac27f1706,signature_verification/full_forg/forgeries_2117_1.jpg,2117,forgery
d52d4e73666716b80bae0913b2faa04e109c8a28ba58938af3b76f6ac27f1706,signature_verification/full_forg/forgeries_2117_2.jpg,2117,forgery
b4ef4dc993d4ddb68cfe29b8dc105d58b1ee1dfcc93257f67543781aae773d44,signature_verification/full_forg/forgeries_2126_10.jpg,2126,forgery
b4ef4dc993d4ddb68cfe29b8dc105d58b1ee1dfcc93257f67543781aae773d44,signature_verification/full_forg/forgeries_2126_9.jpg,2126,forgery
b005e1ebd82ba73f9341c8cc778c1e165a5cd131026d1d96106deb017885e492,signature_verification/full_forg/forgeries_2134_10.jpg,2134,forgery
b005e1ebd82ba73f9341c8cc778c1e165a5cd131026d1d96106deb017885e492,signature_verification/full_forg/forgeries_2134_9.jpg,2134,forgery
30798123fdeb7219548d08b46df75b04db7e37583304666b71c168547b8963ef,signature_verification/full_forg/forgeries_2142_13.jpg,2142,forgery
30798123fdeb7219548d08b46df75b04db7e37583304666b71c168547b8963ef,signature_verification/full_forg/forgeries_2142_14.jpg,2142,forgery
218f380857b68e0782390d10a4733eabc81280a38f364b91c58c452f6a81f835,signature_verification/full_forg/forgeries_2148_10.jpg,2148,forgery
218f380857b68e0782390d10a4733eabc81280a38f364b91c58c452f6a81f835,signature_verification/full_forg/forgeries_2148_9.jpg,2148,forgery
5df364586fa3a94260a566594e747117564e3cddc400170afb5e924355baa295,signature_verification/full_forg/forgeries_2153_10.jpg,2153,forgery
5df364586fa3a94260a566594e747117564e3cddc400170afb5e924355baa295,signature_verification/full_forg/forgeries_2153_9.jpg,2153,forgery
605fef872788032d7407fc681f7deba1b01a37ba6839b6962f50c162421b8ae3,signature_verification/full_forg/forgeries_2159_13.jpg,2159,forgery
605fef872788032d7407fc681f7deba1b01a37ba6839b6962f50c162421b8ae3,signature_verification/full_forg/forgeries_2159_14.jpg,2159,forgery
6c305b88ba7b1854744ecb6a5cdd466b9a0c54a059f20ef6819d16e87478ce77,signature_verification/full_forg/forgeries_2184_10.jpg,2184,forgery
6c305b88ba7b1854744ecb6a5cdd466b9a0c54a059f20ef6819d16e87478ce77,signature_verification/full_forg/forgeries_2184_9.jpg,2184,forgery
067d7f85cfa91b7b33b69ec3b6d0654c34a6e9bc7e120793aa28d67f970eb3be,signature_verification/full_forg/forgeries_218_13.jpg,218,forgery
067d7f85cfa91b7b33b69ec3b6d0654c34a6e9bc7e120793aa28d67f970eb3be,signature_verification/full_forg/forgeries_218_14.jpg,218,forgery
127f39726721e01b06a18e6b34de08218397b7eaccd1d799bc237729b11485a9,signature_verification/full_forg/forgeries_2207_10.jpg,2207,forgery
127f39726721e01b06a18e6b34de08218397b7eaccd1d799bc237729b11485a9,signature_verification/full_forg/forgeries_2207_9.jpg,2207,forgery
3f69ddcf483b040c32d000358963b692da8295a7979f21d7d68a68f4de3e12f3,signature_verification/full_forg/forgeries_2213_10.jpg,2213,forgery
3f69ddcf483b040c32d000358963b692da8295a7979f21d7d68a68f4de3e12f3,signature_verification/full_forg/forgeries_2213_9.jpg,2213,forgery
7afac92f44f9d6026dab750d744bc1d5df08ef69ad42d4cd1ae11b5fafb8c485,signature_verification/full_forg/forgeries_2235_1.jpg,2235,forgery
7afac92f44f9d6026dab750d744bc1d5df08ef69ad42d4cd1ae11b5fafb8c485,signature_verification/full_forg/forgeries_2235_2.jpg,2235,forgery
67e390ec5005d8572c2668d6f91cbb62b93fab8673ec8027ce93ea766d4582a6,signature_verification/full_forg/forgeries_2243_10.jpg,2243,forgery
67e390ec5005d8572c2668d6f91cbb62b93fab8673ec8027ce93ea766d4582a6,signature_verification/full_forg/forgeries_2243_9.jpg,2243,forgery
f579fc7ebad4aa118541511a8705c877c63c3169c9e2d1da9833637b25be76d3,signature_verification/full_forg/forgeries_2269_10.jpg,2269,forgery
f579fc7ebad4aa118541511a8705c877c63c3169c9e2d1da9833637b25be76d3,signature_verification/full_forg/forgeries_2269_9.jpg,2269,forgery
56fe122847f23f02b49a78895e9b4c09c78cb38178f0898caea1a39169746f97,signature_verification/full_forg/forgeries_2294_10.jpg,2294,forgery
56fe122847f23f02b49a78895e9b4c09c78cb38178f0898caea1a39169746f97,signature_verification/full_forg/forgeries_2294_9.jpg,2294,forgery
a84742d64c005c9dd0e3165232d7c09e2af60ea19cee757148fcf5863881ec47,signature_verification/full_forg/forgeries_2302_13.jpg,2302,forgery
a84742d64c005c9dd0e3165232d7c09e2af60ea19cee757148fcf5863881ec47,signature_verification/full_forg/forgeries_2302_14.jpg,2302,forgery
1a294b2e4e9a7557dfebdfa7f36e14b103668091a031488d2af49bfe2c8e0bc2,signature_verification/full_forg/forgeries_2315_13.jpg,2315,forgery
1a294b2e4e9a7557dfebdfa7f36e14b103668091a031488d2af49bfe2c8e0bc2,signature_verification/full_forg/forgeries_2315_14.jpg,2315,forgery
b7629f6128c771825694bb674e9f94c7821f0f5af25b5c947fa01f998f625479,signature_verification/full_forg/forgeries_2322_5.jpg,2322,forgery
b7629f6128c771825694bb674e9f94c7821f0f5af25b5c947fa01f998f625479,signature_verification/full_forg/forgeries_2322_6.jpg,2322,forgery
47c694e280b5c4cf5e9c57155b3c97a1d7786de9a9c0a94146484673d9c8370f,signature_verification/full_forg/forgeries_2351_13.jpg,2351,forgery
47c694e280b5c4cf5e9c57155b3c97a1d7786de9a9c0a94146484673d9c8370f,signature_verification/full_forg/forgeries_2351_14.jpg,2351,forgery
024e8febab88d928e2560a45cfd1bf99baa9b0ad59f3dda0ce07cb42f230db84,signature_verification/full_forg/forgeries_2356_1.jpg,2356,forgery
024e8febab88d928e2560a45cfd1bf99baa9b0ad59f3dda0ce07cb42f230db84,signature_verification/full_forg/forgeries_2356_2.jpg,2356,forgery
8f478dc2f555e89446b3285dfa1661f506fe6ded67cbcf64cccaf6de00f87280,signature_verification/full_forg/forgeries_2361_13.jpg,2361,forgery
8f478dc2f555e89446b3285dfa1661f506fe6ded67cbcf64cccaf6de00f87280,signature_verification/full_forg/forgeries_2361_14.jpg,2361,forgery
7c6a2b9b0b30403d31ecdf42e19234a54a1c5d388d715c3aff4d9dc59f97fff2,signature_verification/full_forg/forgeries_2368_5.jpg,2368,forgery
7c6a2b9b0b30403d31ecdf42e19234a54a1c5d388d715c3aff4d9dc59f97fff2,signature_verification/full_forg/forgeries_2368_6.jpg,2368,forgery
03349669ac699ec889e00bb636421543489c3aa93552762791be92e2cc3ff562,signature_verification/full_forg/forgeries_2381_13.jpg,2381,forgery
03349669ac699ec889e00bb636421543489c3aa93552762791be92e2cc3ff562,signature_verification/full_forg/forgeries_2381_14.jpg,2381,forgery
c948dd25cceb5abd8694d3550a33da78f41330d66a9194057e2b33221a4a4952,signature_verification/full_forg/forgeries_2411_13.jpg,2411,forgery
c948dd25cceb5abd8694d3550a33da78f41330d66a9194057e2b33221a4a4952,signature_verification/full_forg/forgeries_2411_14.jpg,2411,forgery
1eee58873600f108041e9298fc9770dd7d2878b798c6747265c437a1046ad3d0,signature_verification/full_forg/forgeries_2454_10.jpg,2454,forgery
1eee58873600f108041e9298fc9770dd7d2878b798c6747265c437a1046ad3d0,signature_verification/full_forg/forgeries_2454_9.jpg,2454,forgery
ed3e486de8bef332deb729be7139596abf5c3230f7edfc6104fb32af78a285d5,signature_verification/full_forg/forgeries_2465_13.jpg,2465,forgery
ed3e486de8bef332deb729be7139596abf5c3230f7edfc6104fb32af78a285d5,signature_verification/full_forg/forgeries_2465_14.jpg,2465,forgery
568c9344e593b8e041aff80bb31aa1f9df0b33105083b20551125b9d0450efa6,signature_verification/full_forg/forgeries_2474_10.jpg,2474,forgery
568c9344e593b8e041aff80bb31aa1f9df0b33105083b20551125b9d0450efa6,signature_verification/full_forg/forgeries_2474_9.jpg,2474,forgery
ca03a7ca8ce0fd290e1c1260271eb7145804ba6f366b0e4f50b9a2755a62e1b6,signature_verification/full_forg/forgeries_2477_5.jpg,2477,forgery
ca03a7ca8ce0fd290e1c1260271eb7145804ba6f366b0e4f50b9a2755a62e1b6,signature_verification/full_forg/forgeries_2477_6.jpg,2477,forgery
a6da07c6e435ef9057e120c80bc21432020cc1647650bddeb9ecb265bca3f08b,signature_verification/full_forg/forgeries_2479_13.jpg,2479,forgery
a6da07c6e435ef9057e120c80bc21432020cc1647650bddeb9ecb265bca3f08b,signature_verification/full_forg/forgeries_2479_14.jpg,2479,forgery
e6b4b21b5a2f4884c3f85322a2de7c3915ca6e5ab1288599729ab96213f396bb,signature_verification/full_forg/forgeries_2486_13.jpg,2486,forgery
e6b4b21b5a2f4884c3f85322a2de7c3915ca6e5ab1288599729ab96213f396bb,signature_verification/full_forg/forgeries_2486_14.jpg,2486,forgery
d16ff4af18fd3ceaeaf0583122d48db79c945d0798908398b9fd76aef14c47bb,signature_verification/full_forg/forgeries_2557_10.jpg,2557,forgery
d16ff4af18fd3ceaeaf0583122d48db79c945d0798908398b9fd76aef14c47bb,signature_verification/full_forg/forgeries_2557_9.jpg,2557,forgery
c7af7ec22c983a1a0339725d5c4b23b34d32e5f6a35b714f1040b9eccbc0772c,signature_verification/full_forg/forgeries_259_5.jpg,259,forgery
c7af7ec22c983a1a0339725d5c4b23b34d32e5f6a35b714f1040b9eccbc0772c,signature_verification/full_forg/forgeries_259_6.jpg,259,forgery
be59f46a80067e0ef19333f6b142b7ccb799975b8b715271ac5adf768911f6ff,signature_verification/full_forg/forgeries_2609_5.jpg,2609,forgery
be59f46a80067e0ef19333f6b142b7ccb799975b8b715271ac5adf768911f6ff,signature_verification/full_forg/forgeries_2609_6.jpg,2609,forgery
0e4105f17d4eb3c3b02e6a97f7523dd3b5f32928079818ad41f20c698b9de872,signature_verification/full_forg/forgeries_2621_13.jpg,2621,forgery
0e4105f17d4eb3c3b02e6a97f7523dd3b5f32928079818ad41f20c698b9de872,signature_verification/full_forg/forgeries_2621_14.jpg,2621,forgery
d0d6f9eec6786d174062423cbb76a69c503c3e1ce144c21ec67aaf04b16c9548,signature_verification/full_forg/forgeries_2657_13.jpg,2657,forgery
d0d6f9eec6786d174062423cbb76a69c503c3e1ce144c21ec67aaf04b16c9548,signature_verification/full_forg/forgeries_2657_14.jpg,2657,forgery
a1fea593427ed780728f20d4beba488351a8b5085fc2d1158a52119693ebd328,signature_verification/full_forg/forgeries_2674_1.jpg,2674,forgery
a1fea593427ed780728f20d4beba488351a8b5085fc2d1158a52119693ebd328,signature_verification/full_forg/forgeries_2674_2.jpg,2674,forgery
a0448e06fda5fa18bf07cf791de48f4d0708dc6965b73f538c3f9473b3798d1a,signature_verification/full_forg/forgeries_2686_10.jpg,2686,forgery
a0448e06fda5fa18bf07cf791de48f4d0708dc6965b73f538c3f9473b3798d1a,signature_verification/full_forg/forgeries_2686_9.jpg,2686,forgery
e32e32b3df747d8f0d9703cd460a69e13b3b055f9ea1f93e734950036b0b55c8,signature_verification/full_forg/forgeries_2690_5.jpg,2690,forgery
e32e32b3df747d8f0d9703cd460a69e13b3b055f9ea1f93e734950036b0b55c8,signature_verification/full_forg/forgeries_2690_6.jpg,2690,forgery
9ed5ef4029f45966257f33db2d376f05d9f83ab61ada5c994036f3f1ede0fbf6,signature_verification/full_forg/forgeries_2700_1.jpg,2700,forgery
9ed5ef4029f45966257f33db2d376f05d9f83ab61ada5c994036f3f1ede0fbf6,signature_verification/full_forg/forgeries_2700_2.jpg,2700,forgery
7fcb53d353f66f63b6d782ba0f7f20171aac3d3973bb9a193f770f8a5144d422,signature_verification/full_forg/forgeries_2729_5.jpg,2729,forgery
7fcb53d353f66f63b6d782ba0f7f20171aac3d3973bb9a193f770f8a5144d422,signature_verification/full_forg/forgeries_2729_6.jpg,2729,forgery
352f20c843cbc37223c5e81189e9a5ade6ce8a04e168ee4fd99f87172c352828,signature_verification/full_forg/forgeries_2730_1.jpg,2730,forgery
352f20c843cbc37223c5e81189e9a5ade6ce8a04e168ee4fd99f87172c352828,signature_verification/full_forg/forgeries_2730_2.jpg,2730,forgery
50ea6d57eedec68fddd4101a9982f44d31b3aac3f9b10867b580b2f7bae2f996,signature_verification/full_forg/forgeries_2739_10.jpg,2739,forgery
50ea6d57eedec68fddd4101a9982f44d31b3aac3f9b10867b580b2f7bae2f996,signature_verification/full_forg/forgeries_2739_9.jpg,2739,forgery
44611ca50939d846e0c47f05ea934d8af842126dba4fcab0f0f40fc0dfda28c7,signature_verification/full_forg/forgeries_2739_13.jpg,2739,forgery
44611ca50939d846e0c47f05ea934d8af842126dba4fcab0f0f40fc0dfda28c7,signature_verification/full_forg/forgeries_2739_14.jpg,2739,forgery
c5232d68b180de98caa62acb6235efd7d29f11c079acb262b1c054a5e7476ef8,signature_verification/full_forg/forgeries_2747_13.jpg,2747,forgery
c5232d68b180de98caa62acb6235efd7d29f11c079acb262b1c054a5e7476ef8,signature_verification/full_forg/forgeries_2747_14.jpg,2747,forgery
c9d8851a4bca3fa06f1d0032f529af470f76c7b601bab0690fa998dc4bca33ba,signature_verification/full_forg/forgeries_2758_5.jpg,2758,forgery
c9d8851a4bca3fa06f1d0032f529af470f76c7b601bab0690fa998dc4bca33ba,signature_verification/full_forg/forgeries_2758_6.jpg,2758,forgery
d513460b113d12c8e80d94053d7718c22c1d681c124cdbd48885a3c6ba84fd21,signature_verification/full_forg/forgeries_2773_1.jpg,2773,forgery
d513460b113d12c8e80d94053d7718c22c1d681c124cdbd48885a3c6ba84fd21,signature_verification/full_forg/forgeries_2773_2.jpg,2773,forgery
c217e092e316d0fc573b4d13bb04cc1a24691ad6188d9f0b8ec1dc0c2423b624,signature_verification/full_forg/forgeries_2785_5.jpg,2785,forgery
c217e092e316d0fc573b4d13bb04cc1a24691ad6188d9f0b8ec1dc0c2423b624,signature_verification/full_forg/forgeries_2785_6.jpg,2785,forgery
f75412ed7782c635475af0166cdd9b6f6b10f6c5317358b7d9f06376c24c3de7,signature_verification/full_forg/forgeries_2792_5.jpg,2792,forgery
f75412ed7782c635475af0166cdd9b6f6b10f6c5317358b7d9f06376c24c3de7,signature_verification/full_forg/forgeries_2792_6.jpg,2792,forgery
3fedc2dd45ded80d0c06f2602b953f6c45f24ba8f717bd6bb0efbf923bafe9dc,signature_verification/full_forg/forgeries_2803_5.jpg,2803,forgery
3fedc2dd45ded80d0c06f2602b953f6c45f24ba8f717bd6bb0efbf923bafe9dc,signature_verification/full_forg/forgeries_2803_6.jpg,2803,forgery
e50f69f166cc434c3e2f5a1072cc7187e71f59d64909f2ced2ac21cca3158401,signature_verification/full_forg/forgeries_2804_10.jpg,2804,forgery
e50f69f166cc434c3e2f5a1072cc7187e71f59d64909f2ced2ac21cca3158401,signature_verification/full_forg/forgeries_2804_9.jpg,2804,forgery
431a5e2d2c08d1ee893fb836a3676a4fc60402e427e0fe58fa9b9144fc15a68d,signature_verification/full_forg/forgeries_2837_1.jpg,2837,forgery
431a5e2d2c08d1ee893fb836a3676a4fc60402e427e0fe58fa9b9144fc15a68d,signature_verification/full_forg/forgeries_2837_2.jpg,2837,forgery
138baa2061350e398da515c5183458cc3cacb01b3e1e9fc09d27841554c0fa7d,signature_verification/full_forg/forgeries_2867_1.jpg,2867,forgery
138baa2061350e398da515c5183458cc3cacb01b3e1e9fc09d27841554c0fa7d,signature_verification/full_forg/forgeries_2867_2.jpg,2867,forgery
c22195d462ce5814878c7750d92021c099ea4d5fae226caf387e2546fd3bb4d2,signature_verification/full_forg/forgeries_286_13.jpg,286,forgery
c22195d462ce5814878c7750d92021c099ea4d5fae226caf387e2546fd3bb4d2,signature_verification/full_forg/forgeries_286_14.jpg,286,forgery
29d8e34e4673ec58840645b961c7f127dc013dba90e30f60cf9bdd84b615efac,signature_verification/full_forg/forgeries_2878_5.jpg,2878,forgery
29d8e34e4673ec58840645b961c7f127dc013dba90e30f60cf9bdd84b615efac,signature_verification/full_forg/forgeries_2878_6.jpg,2878,forgery
5f0447d0a1f039e55561a3f19e0f6e74370c31ffc4652e57d6f9296e91f29532,signature_verification/full_forg/forgeries_2910_5.jpg,2910,forgery
5f0447d0a1f039e55561a3f19e0f6e74370c31ffc4652e57d6f9296e91f29532,signature_verification/full_forg/forgeries_2910_6.jpg,2910,forgery
7ac1896dc98b90b8f3661056c906e0713532c474c2b7307effe542eaf03c6c64,signature_verification/full_forg/forgeries_2917_13.jpg,2917,forgery
7ac1896dc98b90b8f3661056c906e0713532c474c2b7307effe542eaf03c6c64,signature_verification/full_forg/forgeries_2917_14.jpg,2917,forgery
a98bb8196d2eace81cd9c2533fb8f199eb256e5d76deb0fc6689f3dd1de90562,signature_verification/full_forg/forgeries_292_5.jpg,292,forgery
a98bb8196d2eace81cd9c2533fb8f199eb256e5d76deb0fc6689f3dd1de90562,signature_verification/full_forg/forgeries_292_6.jpg,292,forgery
2429327a7fc796efec792e857173d8d5ea66c7ae5e8a6f772c5811896a7b0f73,signature_verification/full_forg/forgeries_2947_13.jpg,2947,forgery
2429327a7fc796efec792e857173d8d5ea66c7ae5e8a6f772c5811896a7b0f73,signature_verification/full_forg/forgeries_2947_14.jpg,2947,forgery
6254468ad7acab79274b2a3af4797d388c6b6de06c3647c4c146315e9c406a23,signature_verification/full_forg/forgeries_2972_5.jpg,2972,forgery
6254468ad7acab79274b2a3af4797d388c6b6de06c3647c4c146315e9c406a23,signature_verification/full_forg/forgeries_2972_6.jpg,2972,forgery
965987e94053f79b05d6bad794ceacce8e02aa3c3938758b76c1bc28dbf4e923,signature_verification/full_forg/forgeries_2983_13.jpg,2983,forgery
965987e94053f79b05d6bad794ceacce8e02aa3c3938758b76c1bc28dbf4e923,signature_verification/full_forg/forgeries_2983_14.jpg,2983,forgery
41eb2c2687464d41c6eb21ce2d18729313a9a30a49eee9a234df27e701a76929,signature_verification/full_forg/forgeries_2995_13.jpg,2995,forgery
41eb2c2687464d41c6eb21ce2d18729313a9a30a49eee9a234df27e701a76929,signature_verification/full_forg/forgeries_2995_14.jpg,2995,forgery
24f2b377c6ff9fbf4cf9123c283f02c4df22994f28a558a8c70692b377440d02,signature_verification/full_forg/forgeries_2998_10.jpg,2998,forgery
24f2b377c6ff9fbf4cf9123c283f02c4df22994f28a558a8c70692b377440d02,signature_verification/full_forg/forgeries_2998_9.jpg,2998,forgery
256f5a754fd155ce05c14faafa823d1d83ed1a5c0bc384e3ac1be77671e3f821,signature_verification/full_forg/forgeries_299_1.jpg,299,forgery
256f5a754fd155ce05c14faafa823d1d83ed1a5c0bc384e3ac1be77671e3f821,signature_verification/full_forg/forgeries_299_2.jpg,299,forgery
49b7dbeead9e0eff020c58f639dc35448fad15eca6bca316be1fc2a92b09684c,signature_verification/full_forg/forgeries_3060_1.jpg,3060,forgery
49b7dbeead9e0eff020c58f639dc35448fad15eca6bca316be1fc2a92b09684c,signature_verification/full_forg/forgeries_3060_2.jpg,3060,forgery
e4c40da3bd6640578ec66e409baac2ca5901000c44c03d2efaa0d859ac1a11d9,signature_verification/full_forg/forgeries_3063_13.jpg,3063,forgery
e4c40da3bd6640578ec66e409baac2ca5901000c44c03d2efaa0d859ac1a11d9,signature_verification/full_forg/forgeries_3063_14.jpg,3063,forgery
72f7191a4ffeada7392bb09d0663eca81e811274b06183acbc9d714d3c315de5,signature_verification/full_forg/forgeries_3075_10.jpg,3075,forgery
72f7191a4ffeada7392bb09d0663eca81e811274b06183acbc9d714d3c315de5,signature_verification/full_forg/forgeries_3075_9.jpg,3075,forgery
388d6e00ea277c9497afcf0488965d9beab95fc97a03eb42f69957506c7c7999,signature_verification/full_forg/forgeries_3085_1.jpg,3085,forgery
388d6e00ea277c9497afcf0488965d9beab95fc97a03eb42f69957506c7c7999,signature_verification/full_forg/forgeries_3085_2.jpg,3085,forgery
28b586e80d922f56312f3bca74fb490e79300eb01cb5c3329d9e6206de5fc540,signature_verification/full_forg/forgeries_3087_10.jpg,3087,forgery
28b586e80d922f56312f3bca74fb490e79300eb01cb5c3329d9e6206de5fc540,signature_verification/full_forg/forgeries_3087_9.jpg,3087,forgery
26290d9e89cf697491e72014ef0d620432ac191e4c2c711b6a9979d9c79d5fa7,signature_verification/full_forg/forgeries_3101_10.jpg,3101,forgery
26290d9e89cf697491e72014ef0d620432ac191e4c2c711b6a9979d9c79d5fa7,signature_verification/full_forg/forgeries_3101_9.jpg,3101,forgery
1e22ed429c1ff522b3b902128468de1cb5f7dcb1bdf8710e29229e6cf6f59a81,signature_verification/full_forg/forgeries_3106_5.jpg,3106,forgery
1e22ed429c1ff522b3b902128468de1cb5f7dcb1bdf8710e29229e6cf6f59a81,signature_verification/full_forg/forgeries_3106_6.jpg,3106,forgery
c1d8085b09ac7427d5b44fac0171adc4c775ad23a1efa169da6797d7d73979e8,signature_verification/full_forg/forgeries_3117_1.jpg,3117,forgery
c1d8085b09ac7427d5b44fac0171adc4c775ad23a1efa169da6797d7d73979e8,signature_verification/full_forg/forgeries_3117_2.jpg,3117,forgery
d85d4ef37481587dc50989a819ec05ad62a85759cdd83cb5087839a2b468bcf1,signature_verification/full_forg/forgeries_3122_1.jpg,3122,forgery
d85d4ef37481587dc50989a819ec05ad62a85759cdd83cb5087839a2b468bcf1,signature_verification/full_forg/forgeries_3122_2.jpg,3122,forgery
a2c823edfe4e031dd7409de3264344b1c133c44ff38c9426fd66764a9f6d13c9,signature_verification/full_forg/forgeries_313_13.jpg,313,forgery
a2c823edfe4e031dd7409de3264344b1c133c44ff38c9426fd66764a9f6d13c9,signature_verification/full_forg/forgeries_313_14.jpg,313,forgery
54ca6e6e58a72de2c757f8078432be0edd15b6872c63ca1166b4c269e639ee2d,signature_verification/full_forg/forgeries_3154_5.jpg,3154,forgery
54ca6e6e58a72de2c757f8078432be0edd15b6872c63ca1166b4c269e639ee2d,signature_verification/full_forg/forgeries_3154_6.jpg,3154,forgery
3da57ba3f0dff7adca018725b83d9b2359efd8c169b69e38ad8b0acc4d402074,signature_verification/full_forg/forgeries_3163_10.jpg,3163,forgery
3da57ba3f0dff7adca018725b83d9b2359efd8c169b69e38ad8b0acc4d402074,signature_verification/full_forg/forgeries_3163_9.jpg,3163,forgery
f5a6e7560765bcbf655e1ed2e905d64c2e6677b225922ef4ec72ae753048c43c,signature_verification/full_forg/forgeries_3180_5.jpg,3180,forgery
f5a6e7560765bcbf655e1ed2e905d64c2e6677b225922ef4ec72ae753048c43c,signature_verification/full_forg/forgeries_3180_6.jpg,3180,forgery
4c8adcdcfcb99cfad32be5b48475e3eba665a7a7ba0840f47415ec6d36ee097c,signature_verification/full_forg/forgeries_319_5.jpg,319,forgery
4c8adcdcfcb99cfad32be5b48475e3eba665a7a7ba0840f47415ec6d36ee097c,signature_verification/full_forg/forgeries_319_6.jpg,319,forgery
9b69991748536932e929c1a737ed4438d052985a151e9ca6e61023be0fca40d0,signature_verification/full_forg/forgeries_3206_5.jpg,3206,forgery
9b69991748536932e929c1a737ed4438d052985a151e9ca6e61023be0fca40d0,signature_verification/full_forg/forgeries_3206_6.jpg,3206,forgery
562ef455b2c4de976d4b016f062f3ca5f2cce0e607bfdb8d3e7f6e9e011bb721,signature_verification/full_forg/forgeries_3217_5.jpg,3217,forgery
562ef455b2c4de976d4b016f062f3ca5f2cce0e607bfdb8d3e7f6e9e011bb721,signature_verification/full_forg/forgeries_3217_6.jpg,3217,forgery
2e217ce6d5083b867177f8938b42cbfce31ed98729148fc1e26d6e1cbbdeb6b3,signature_verification/full_forg/forgeries_3219_13.jpg,3219,forgery
2e217ce6d5083b867177f8938b42cbfce31ed98729148fc1e26d6e1cbbdeb6b3,signature_verification/full_forg/forgeries_3219_14.jpg,3219,forgery
a05dbfbc0b80c244efb59dc5f9886d96d0fb63994eef8b20180bc8998f6739a1,signature_verification/full_forg/forgeries_3222_1.jpg,3222,forgery
a05dbfbc0b80c244efb59dc5f9886d96d0fb63994eef8b20180bc8998f6739a1,signature_verification/full_forg/forgeries_3222_2.jpg,3222,forgery
f414091f245e432491d9de0b3d0554f2689ea047c3df93658cb50fa75271e8cb,signature_verification/full_forg/forgeries_3241_1.jpg,3241,forgery
f414091f245e432491d9de0b3d0554f2689ea047c3df93658cb50fa75271e8cb,signature_verification/full_forg/forgeries_3241_2.jpg,3241,forgery
67c535b2cceff37e01449d7b3d7a8c880b9fa685f283ebc1fa888e0c5b162f48,signature_verification/full_forg/forgeries_3244_1.jpg,3244,forgery
67c535b2cceff37e01449d7b3d7a8c880b9fa685f283ebc1fa888e0c5b162f48,signature_verification/full_forg/forgeries_3244_2.jpg,3244,forgery
d8fdcd3a9e2535f0e1c5bea2a73165018f959e5916c97bcb44095956efcab637,signature_verification/full_forg/forgeries_3252_10.jpg,3252,forgery
d8fdcd3a9e2535f0e1c5bea2a73165018f959e5916c97bcb44095956efcab637,signature_verification/full_forg/forgeries_3252_9.jpg,3252,forgery
c56c96d8443e677771712dc11a0d75b1e918b99b90925385af06fa5d91c0a1be,signature_verification/full_forg/forgeries_3321_13.jpg,3321,forgery
c56c96d8443e677771712dc11a0d75b1e918b99b90925385af06fa5d91c0a1be,signature_verification/full_forg/forgeries_3321_14.jpg,3321,forgery
775ec199183686819131d7be4575a3076db0e5c77317d976aaaa0730bf3c604c,signature_verification/full_forg/forgeries_3324_10.jpg,3324,forgery
775ec199183686819131d7be4575a3076db0e5c77317d976aaaa0730bf3c604c,signature_verification/full_forg/forgeries_3324_9.jpg,3324,forgery
5e9c1ecc460a799a07f23c3055cee0485ce58b50c23c35c3df1d9bbf84f5e09c,signature_verification/full_forg/forgeries_3380_1.jpg,3380,forgery
5e9c1ecc460a799a07f23c3055cee0485ce58b50c23c35c3df1d9bbf84f5e09c,signature_verification/full_forg/forgeries_3380_2.jpg,3380,forgery
546ecff64e6c68ac6aca4de1ed0f22caf8234a618a40a3da8c3ab3b77b836be9,signature_verification/full_forg/forgeries_3380_5.jpg,3380,forgery
546ecff64e6c68ac6aca4de1ed0f22caf8234a618a40a3da8c3ab3b77b836be9,signature_verification/full_forg/forgeries_3380_6.jpg,3380,forgery
597767fad56cf85eab7c05f600559e43b67de686b3cb7a87529448594d80a02b,signature_verification/full_forg/forgeries_3388_13.jpg,3388,forgery
597767fad56cf85eab7c05f600559e43b67de686b3cb7a87529448594d80a02b,signature_verification/full_forg/forgeries_3388_14.jpg,3388,forgery
b6c852289237af7c049be9e1cf255ef5311425fdaa2560c91c8e59b3ca7c57fe,signature_verification/full_forg/forgeries_3398_13.jpg,3398,forgery
b6c852289237af7c049be9e1cf255ef5311425fdaa2560c91c8e59b3ca7c57fe,signature_verification/full_forg/forgeries_3398_14.jpg,3398,forgery
b1548483e59b4315a8b6464b28d42787b90a2e62e0a3751c99f14ed72097ce22,signature_verification/full_forg/forgeries_33_10.jpg,33,forgery
b1548483e59b4315a8b6464b28d42787b90a2e62e0a3751c99f14ed72097ce22,signature_verification/full_forg/forgeries_33_9.jpg,33,forgery
ba9ee894598ae78deb22bd95aae32ac6d96d70f6856590d21a5a738d08280686,signature_verification/full_forg/forgeries_3400_13.jpg,3400,forgery
ba9ee894598ae78deb22bd95aae32ac6d96d70f6856590d21a5a738d08280686,signature_verification/full_forg/forgeries_3400_14.jpg,3400,forgery
5468dc8185870981c64725ad24036e8a54cf606d289d8363c08017a890676e04,signature_verification/full_forg/forgeries_3403_13.jpg,3403,forgery
5468dc8185870981c64725ad24036e8a54cf606d289d8363c08017a890676e04,signature_verification/full_forg/forgeries_3403_14.jpg,3403,forgery
dd1eaf23d7e14e36d351c772149ec0b4a14831d929a80fc14e6c6f2e62651fbf,signature_verification/full_forg/forgeries_3423_10.jpg,3423,forgery
dd1eaf23d7e14e36d351c772149ec0b4a14831d929a80fc14e6c6f2e62651fbf,signature_verification/full_forg/forgeries_3423_9.jpg,3423,forgery
76bb95f708d2a1826dad6fd1ca5cfae31d7c6594028c703f7e59087f8d00e3b7,signature_verification/full_forg/forgeries_3450_10.jpg,3450,forgery
76bb95f708d2a1826dad6fd1ca5cfae31d7c6594028c703f7e59087f8d00e3b7,signature_verification/full_forg/forgeries_3450_9.jpg,3450,forgery
7b34b3db3bd3fc1b955e1ba4133e793b321b15001bcd2506de7439e837cf1655,signature_verification/full_forg/forgeries_3464_5.jpg,3464,forgery
7b34b3db3bd3fc1b955e1ba4133e793b321b15001bcd2506de7439e837cf1655,signature_verification/full_forg/forgeries_3464_6.jpg,3464,forgery
dd4abb037266191a91a8d419083d79ff6fa6201319c7006580ec09ddcb783430,signature_verification/full_forg/forgeries_3499_5.jpg,3499,forgery
dd4abb037266191a91a8d419083d79ff6fa6201319c7006580ec09ddcb783430,signature_verification/full_forg/forgeries_3499_6.jpg,3499,forgery
4b04bd8ae92c749cc51e1dc6113157515ba04d36c1f5b59188ee3a7b12b312d9,signature_verification/full_forg/forgeries_3504_10.jpg,3504,forgery
4b04bd8ae92c749cc51e1dc6113157515ba04d36c1f5b59188ee3a7b12b312d9,signature_verification/full_forg/forgeries_3504_9.jpg,3504,forgery
d76750f92f58ab5efba1aa27fdefaceeeb43db4132d9b54687e1b5086160fa57,signature_verification/full_forg/forgeries_3521_1.jpg,3521,forgery
d76750f92f58ab5efba1aa27fdefaceeeb43db4132d9b54687e1b5086160fa57,signature_verification/full_forg/forgeries_3521_2.jpg,3521,forgery
7f703f5f76537b5504768b3850b4f5a3e9cc62decb3848f27801752581d01de9,signature_verification/full_forg/forgeries_3530_10.jpg,3530,forgery
7f703f5f76537b5504768b3850b4f5a3e9cc62decb3848f27801752581d01de9,signature_verification/full_forg/forgeries_3530_9.jpg,3530,forgery
1faf0673b12fdda8dfa53e699305726c36bd698aa5dee3b5955bf82d82e2a291,signature_verification/full_forg/forgeries_3539_1.jpg,3539,forgery
1faf0673b12fdda8dfa53e699305726c36bd698aa5dee3b5955bf82d82e2a291,signature_verification/full_forg/forgeries_3539_2.jpg,3539,forgery
9a9e077f44f88bd1636df7173d5c36aaa4e7c21556d0ce85fc4017d303c625b6,signature_verification/full_forg/forgeries_3542_5.jpg,3542,forgery
9a9e077f44f88bd1636df7173d5c36aaa4e7c21556d0ce85fc4017d303c625b6,signature_verification/full_forg/forgeries_3542_6.jpg,3542,forgery
fa5ac07d7f2ee075e26664838881b63c09b3affb2364b44c2d3336472b2b5721,signature_verification/full_forg/forgeries_3587_10.jpg,3587,forgery
fa5ac07d7f2ee075e26664838881b63c09b3affb2364b44c2d3336472b2b5721,signature_verification/full_forg/forgeries_3587_9.jpg,3587,forgery
64c23d2a0ff30cb69a8608c22b4c6656a00f1faefb73f2b609daf59f6211a9ed,signature_verification/full_forg/forgeries_3597_5.jpg,3597,forgery
64c23d2a0ff30cb69a8608c22b4c6656a00f1faefb73f2b609daf59f6211a9ed,signature_verification/full_forg/forgeries_3597_6.jpg,3597,forgery
5239df8d4a31ab3d99ec53db748914b8e8058670095f902e9d4c00d7bf684048,signature_verification/full_forg/forgeries_3606_13.jpg,3606,forgery
5239df8d4a31ab3d99ec53db748914b8e8058670095f902e9d4c00d7bf684048,signature_verification/full_forg/forgeries_3606_14.jpg,3606,forgery
10bcab087012ea993871cb253cd7bdb064942f3983c21a7ce46f4df6228ec9cb,signature_verification/full_forg/forgeries_3608_5.jpg,3608,forgery
10bcab087012ea993871cb253cd7bdb064942f3983c21a7ce46f4df6228ec9cb,signature_verification/full_forg/forgeries_3608_6.jpg,3608,forgery
4e06aed4d764f312be45fbf4a789b832034872344151dd2b5c56a4e54916b29c,signature_verification/full_forg/forgeries_3621_5.jpg,3621,forgery
4e06aed4d764f312be45fbf4a789b832034872344151dd2b5c56a4e54916b29c,signature_verification/full_forg/forgeries_3621_6.jpg,3621,forgery
e1710dc320f029face215d15976057d37cc99c183a6dc7665e174382b7abf04a,signature_verification/full_forg/forgeries_3624_1.jpg,3624,forgery
e1710dc320f029face215d15976057d37cc99c183a6dc7665e174382b7abf04a,signature_verification/full_forg/forgeries_3624_2.jpg,3624,forgery
397b50be15ee12cc8a95b806bbf52ea2123a2b322a7c5e60aa18be20d848126e,signature_verification/full_forg/forgeries_3639_13.jpg,3639,forgery
397b50be15ee12cc8a95b806bbf52ea2123a2b322a7c5e60aa18be20d848126e,signature_verification/full_forg/forgeries_3639_14.jpg,3639,forgery
a57a9415c84cf84d3ede2390c8049719993aaeeaba8b1b50c4ca6fd612877386,signature_verification/full_forg/forgeries_3654_5.jpg,3654,forgery
a57a9415c84cf84d3ede2390c8049719993aaeeaba8b1b50c4ca6fd612877386,signature_verification/full_forg/forgeries_3654_6.jpg,3654,forgery
e6ffed8df87e8610655bbda3a98370b252f079965db1b42246f186777f630a5a,signature_verification/full_forg/forgeries_3719_10.jpg,3719,forgery
e6ffed8df87e8610655bbda3a98370b252f079965db1b42246f186777f630a5a,signature_verification/full_forg/forgeries_3719_9.jpg,3719,forgery
c7bfbed4ad0eadcfec0afaf00da2861b4809d46679895d58c41e40648dc26fe8,signature_verification/full_forg/forgeries_3729_13.jpg,3729,forgery
c7bfbed4ad0eadcfec0afaf00da2861b4809d46679895d58c41e40648dc26fe8,signature_verification/full_forg/forgeries_3729_14.jpg,3729,forgery
0c54ad5e68eda3565f0084a2a519a74e558779c538c21954b513dc5cf1cee096,signature_verification/full_forg/forgeries_3745_10.jpg,3745,forgery
0c54ad5e68eda3565f0084a2a519a74e558779c538c21954b513dc5cf1cee096,signature_verification/full_forg/forgeries_3745_9.jpg,3745,forgery
60c175fce0a4b18daa6ff483961d064d8c28cd54f2edd4bbc7094c8753000dc8,signature_verification/full_forg/forgeries_3748_10.jpg,3748,forgery
60c175fce0a4b18daa6ff483961d064d8c28cd54f2edd4bbc7094c8753000dc8,signature_verification/full_forg/forgeries_3748_9.jpg,3748,forgery
ce27cdef9acc22f6d6cda95c192ec4ae887d93eb8fe0d299bf1407af06acf575,signature_verification/full_forg/forgeries_3752_1.jpg,3752,forgery
ce27cdef9acc22f6d6cda95c192ec4ae887d93eb8fe0d299bf1407af06acf575,signature_verification/full_forg/forgeries_3752_2.jpg,3752,forgery
bf254979136a53b81605717f47174346ea3a9fe789e58f13f01f709a5d25a904,signature_verification/full_forg/forgeries_3764_5.jpg,3764,forgery
bf254979136a53b81605717f47174346ea3a9fe789e58f13f01f709a5d25a904,signature_verification/full_forg/forgeries_3764_6.jpg,3764,forgery
bbbeff411a4e4a927099c183a3a595738371bdf6b8a5574e0207dca7653da21d,signature_verification/full_forg/forgeries_3786_5.jpg,3786,forgery
bbbeff411a4e4a927099c183a3a595738371bdf6b8a5574e0207dca7653da21d,signature_verification/full_forg/forgeries_3786_6.jpg,3786,forgery
6af30152217293e1346ceaa70e5f8743bc25b9902aa4805cc8b96087e8a28c1d,signature_verification/full_forg/forgeries_3788_5.jpg,3788,forgery
6af30152217293e1346ceaa70e5f8743bc25b9902aa4805cc8b96087e8a28c1d,signature_verification/full_forg/forgeries_3788_6.jpg,3788,forgery
3eb45c8d075493ba997c76d7bff269fcddc924616794331a0b015de2f37f73f2,signature_verification/full_forg/forgeries_3789_1.jpg,3789,forgery
3eb45c8d075493ba997c76d7bff269fcddc924616794331a0b015de2f37f73f2,signature_verification/full_forg/forgeries_3789_2.jpg,3789,forgery
710d999ae8135d3be13929eb17bfd64ef0154b8cb878de0786dba8cf7925a40e,signature_verification/full_forg/forgeries_37_13.jpg,37,forgery
710d999ae8135d3be13929eb17bfd64ef0154b8cb878de0786dba8cf7925a40e,signature_verification/full_forg/forgeries_37_14.jpg,37,forgery
8819048a89420d5f1287d33ce5178e70b053173ff1ebc12f64cea45ff2502e59,signature_verification/full_forg/forgeries_3810_1.jpg,3810,forgery
8819048a89420d5f1287d33ce5178e70b053173ff1ebc12f64cea45ff2502e59,signature_verification/full_forg/forgeries_3810_2.jpg,3810,forgery
75b89cd5a58373cb8f6f77b9640cd0d6bbc33bf255c220965f5775051580a22d,signature_verification/full_forg/forgeries_3834_10.jpg,3834,forgery
75b89cd5a58373cb8f6f77b9640cd0d6bbc33bf255c220965f5775051580a22d,signature_verification/full_forg/forgeries_3834_9.jpg,3834,forgery
65890a598adda7014614c66dd276bdab2dd708ff3dd4a2513f2465a2bc83b499,signature_verification/full_forg/forgeries_3858_5.jpg,3858,forgery
65890a598adda7014614c66dd276bdab2dd708ff3dd4a2513f2465a2bc83b499,signature_verification/full_forg/forgeries_3858_6.jpg,3858,forgery
1e0cd208bd714385787bf8e65fb6e6215ca1d01b8cfaade684eb20d7db051d45,signature_verification/full_forg/forgeries_3875_1.jpg,3875,forgery
1e0cd208bd714385787bf8e65fb6e6215ca1d01b8cfaade684eb20d7db051d45,signature_verification/full_forg/forgeries_3875_2.jpg,3875,forgery
55847e05720113c41792e225dde8efc9bea4952f223265bf50c20eae2910bb7b,signature_verification/full_forg/forgeries_3879_10.jpg,3879,forgery
55847e05720113c41792e225dde8efc9bea4952f223265bf50c20eae2910bb7b,signature_verification/full_forg/forgeries_3879_9.jpg,3879,forgery
4b64bc80e1776d1b878a8c18b604c30f2f30baddd61d1b2a981db40afc537912,signature_verification/full_forg/forgeries_3899_5.jpg,3899,forgery
4b64bc80e1776d1b878a8c18b604c30f2f30baddd61d1b2a981db40afc537912,signature_verification/full_forg/forgeries_3899_6.jpg,3899,forgery
906f17457973883ab6e9e4b4ab6c87b2ebd22a6a2ae85a939e957a0118f2073e,signature_verification/full_forg/forgeries_3915_13.jpg,3915,forgery
906f17457973883ab6e9e4b4ab6c87b2ebd22a6a2ae85a939e957a0118f2073e,signature_verification/full_forg/forgeries_3915_14.jpg,3915,forgery
21adf33d6a071fdc57d6b1921e1ea539a0a30d9720a4060aee0e4e8f1193a6d6,signature_verification/full_forg/forgeries_3932_5.jpg,3932,forgery
21adf33d6a071fdc57d6b1921e1ea539a0a30d9720a4060aee0e4e8f1193a6d6,signature_verification/full_forg/forgeries_3932_6.jpg,3932,forgery
c2b51d5bbba5c2941590e516a514e131e2e984da541c5a16fadf1ba30c5bc9b2,signature_verification/full_forg/forgeries_3942_5.jpg,3942,forgery
c2b51d5bbba5c2941590e516a514e131e2e984da541c5a16fadf1ba30c5bc9b2,signature_verification/full_forg/forgeries_3942_6.jpg,3942,forgery
841312fcffa8e2b4228530d2d47ec77813f95f47f79da4abd18b68fb980decbe,signature_verification/full_forg/forgeries_3957_10.jpg,3957,forgery
841312fcffa8e2b4228530d2d47ec77813f95f47f79da4abd18b68fb980decbe,signature_verification/full_forg/forgeries_3957_9.jpg,3957,forgery
e082229b3a49f7675005c23622804a74d0b1821b7f3aacd12fc43421c6a01341,signature_verification/full_forg/forgeries_3960_10.jpg,3960,forgery
e082229b3a49f7675005c23622804a74d0b1821b7f3aacd12fc43421c6a01341,signature_verification/full_forg/forgeries_3960_9.jpg,3960,forgery
34b48641daba006b4666762a38b546120c500df1b6392d6c252d9183a11c194f,signature_verification/full_forg/forgeries_3965_1.jpg,3965,forgery
34b48641daba006b4666762a38b546120c500df1b6392d6c252d9183a11c194f,signature_verification/full_forg/forgeries_3965_2.jpg,3965,forgery
856740c47a2072bb9307f6f5a927ae72e47308e50fa34a79e6835e1dfca419b1,signature_verification/full_forg/forgeries_427_10.jpg,427,forgery
856740c47a2072bb9307f6f5a927ae72e47308e50fa34a79e6835e1dfca419b1,signature_verification/full_forg/forgeries_427_9.jpg,427,forgery
585c950700a96c66451f4a8d725fff5a0029f7f1df347ce204156d91493ffc14,signature_verification/full_forg/forgeries_461_1.jpg,461,forgery
585c950700a96c66451f4a8d725fff5a0029f7f1df347ce204156d91493ffc14,signature_verification/full_forg/forgeries_461_2.jpg,461,forgery
0f85505c6c350dcdb0781c8946b0ae59d3b8a37164ff83bbe2dfaaadad434c86,signature_verification/full_forg/forgeries_514_10.jpg,514,forgery
0f85505c6c350dcdb0781c8946b0ae59d3b8a37164ff83bbe2dfaaadad434c86,signature_verification/full_forg/forgeries_514_9.jpg,514,forgery
ea8ee840233e5878a85627ac587516cd091ac0858d152f8663a3029fc79cdd2f,signature_verification/full_forg/forgeries_521_1.jpg,521,forgery
ea8ee840233e5878a85627ac587516cd091ac0858d152f8663a3029fc79cdd2f,signature_verification/full_forg/forgeries_521_2.jpg,521,forgery
f15bd5515073bd824ef0ab0c20b02b3437db3c6d4837c986ce86ef601965744b,signature_verification/full_forg/forgeries_523_5.jpg,523,forgery
f15bd5515073bd824ef0ab0c20b02b3437db3c6d4837c986ce86ef601965744b,signature_verification/full_forg/forgeries_523_6.jpg,523,forgery
58f9add31c6f8185f1d0f3bcf307c5c52fac0b71802892abfe7f33c49021b30d,signature_verification/full_forg/forgeries_52_1.jpg,52,forgery
58f9add31c6f8185f1d0f3bcf307c5c52fac0b71802892abfe7f33c49021b30d,signature_verification/full_forg/forgeries_52_2.jpg,52,forgery
aaccfd76df16ab86a6976013e20e0abc8776155fe03957343e20e8f74009ac0b,signature_verification/full_forg/forgeries_663_13.jpg,663,forgery
aaccfd76df16ab86a6976013e20e0abc8776155fe03957343e20e8f74009ac0b,signature_verification/full_forg/forgeries_663_14.jpg,663,forgery
b012bec95889a80751ac768a8a7c2aea6be8a89b4cdb8e2c8380df419fd571fc,signature_verification/full_forg/forgeries_672_5.jpg,672,forgery
b012bec95889a80751ac768a8a7c2aea6be8a89b4cdb8e2c8380df419fd571fc,signature_verification/full_forg/forgeries_672_6.jpg,672,forgery
553973123c165018ab7c62b533ee46f5b19ffe9740fba2e7d87ffb8480a7e0fd,signature_verification/full_forg/forgeries_69_5.jpg,69,forgery
553973123c165018ab7c62b533ee46f5b19ffe9740fba2e7d87ffb8480a7e0fd,signature_verification/full_forg/forgeries_69_6.jpg,69,forgery
60dfa5036c2a62e38368f1f4a3a214a11d930dd5de37338d51adac8bab87ee82,signature_verification/full_forg/forgeries_702_13.jpg,702,forgery
60dfa5036c2a62e38368f1f4a3a214a11d930dd5de37338d51adac8bab87ee82,signature_verification/full_forg/forgeries_702_14.jpg,702,forgery
8558e77bde560325ed24e2136f296d2dbc93beb1f694b6de27377791348f9168,signature_verification/full_forg/forgeries_724_13.jpg,724,forgery
8558e77bde560325ed24e2136f296d2dbc93beb1f694b6de27377791348f9168,signature_verification/full_forg/forgeries_724_14.jpg,724,forgery
3d8a62f97882a14a5a2a58502e41aec8910ecd8647c357b9088b5dd5cb379149,signature_verification/full_forg/forgeries_738_10.jpg,738,forgery
3d8a62f97882a14a5a2a58502e41aec8910ecd8647c357b9088b5dd5cb379149,signature_verification/full_forg/forgeries_738_9.jpg,738,forgery
8f78b0856a230e43b73f0f50c4b3ebad16855d95e0452a85aefc09956584d9b0,signature_verification/full_forg/forgeries_751_1.jpg,751,forgery
8f78b0856a230e43b73f0f50c4b3ebad16855d95e0452a85aefc09956584d9b0,signature_verification/full_forg/forgeries_751_2.jpg,751,forgery
1ef4e5f62c095ef58ba31ea14981b9ab9f1b1a7f04f3fbfff727a8b7992614dc,signature_verification/full_forg/forgeries_751_13.jpg,751,forgery
1ef4e5f62c095ef58ba31ea14981b9ab9f1b1a7f04f3fbfff727a8b7992614dc,signature_verification/full_forg/forgeries_751_14.jpg,751,forgery
66774f52db7a292bbb58b355cb5973e3e09ef2a48a783bbd0bea1ac778fc17a4,signature_verification/full_forg/forgeries_757_1.jpg,757,forgery
66774f52db7a292bbb58b355cb5973e3e09ef2a48a783bbd0bea1ac778fc17a4,signature_verification/full_forg/forgeries_757_2.jpg,757,forgery
958a9eb663d1bde4b87248b8950e9a78b31a975513277ea534c22ffd4a1c86ab,signature_verification/full_forg/forgeries_765_5.jpg,765,forgery
958a9eb663d1bde4b87248b8950e9a78b31a975513277ea534c22ffd4a1c86ab,signature_verification/full_forg/forgeries_765_6.jpg,765,forgery
944e698a3aa2494f78a3a947d68192e660b1a72de6422fc72c917c47defa8d8b,signature_verification/full_forg/forgeries_775_13.jpg,775,forgery
944e698a3aa2494f78a3a947d68192e660b1a72de6422fc72c917c47defa8d8b,signature_verification/full_forg/forgeries_775_14.jpg,775,forgery
54c9fe8f673fead1b08778009769ec1a49eb0a3f64ff04492fbc2bc23a90bbf9,signature_verification/full_forg/forgeries_776_13.jpg,776,forgery
54c9fe8f673fead1b08778009769ec1a49eb0a3f64ff04492fbc2bc23a90bbf9,signature_verification/full_forg/forgeries_776_14.jpg,776,forgery
0a6292902236f1377bc3fae1867ca2b06cb9360fa698c7bcfd12138e39c1bf78,signature_verification/full_forg/forgeries_785_1.jpg,785,forgery
0a6292902236f1377bc3fae1867ca2b06cb9360fa698c7bcfd12138e39c1bf78,signature_verification/full_forg/forgeries_785_2.jpg,785,forgery
d541bb8bdd571c5976ddd081932976eaf1955528ba9a54de9f5c1365956b8836,signature_verification/full_forg/forgeries_798_1.jpg,798,forgery
d541bb8bdd571c5976ddd081932976eaf1955528ba9a54de9f5c1365956b8836,signature_verification/full_forg/forgeries_798_2.jpg,798,forgery
a359768d3f12c07fc2eaa34ebe553a33825ae5d8ede2b31c99fc94d501de7a70,signature_verification/full_forg/forgeries_806_1.jpg,806,forgery
a359768d3f12c07fc2eaa34ebe553a33825ae5d8ede2b31c99fc94d501de7a70,signature_verification/full_forg/forgeries_806_2.jpg,806,forgery
69eb187d92ce686a8652d5d1972cf6e3ce927c9952276337b0bf74e9ef569ad0,signature_verification/full_forg/forgeries_871_13.jpg,871,forgery
69eb187d92ce686a8652d5d1972cf6e3ce927c9952276337b0bf74e9ef569ad0,signature_verification/full_forg/forgeries_871_14.jpg,871,forgery
b46776dfcfe4ab3020336656ee2d3d6767a8df5084386ec64d4cc091e232d5a4,signature_verification/full_forg/forgeries_873_10.jpg,873,forgery
b46776dfcfe4ab3020336656ee2d3d6767a8df5084386ec64d4cc091e232d5a4,signature_verification/full_forg/forgeries_873_9.jpg,873,forgery
cf3805138c7654aafd92ba3af6b113c53ccd9b41afa6497c89dd645a2b84ed94,signature_verification/full_forg/forgeries_876_10.jpg,876,forgery
cf3805138c7654aafd92ba3af6b113c53ccd9b41afa6497c89dd645a2b84ed94,signature_verification/full_forg/forgeries_876_9.jpg,876,forgery
266b2aa78fffd04efa29e5670be1bf9b8084acd2804289998da655096d404ea0,signature_verification/full_forg/forgeries_88_1.jpg,88,forgery
266b2aa78fffd04efa29e5670be1bf9b8084acd2804289998da655096d404ea0,signature_verification/full_forg/forgeries_88_2.jpg,88,forgery
eeda8906829f97b390879332b08440f90087e8db9fb6a175e3f26d160c65b008,signature_verification/full_forg/forgeries_908_1.jpg,908,forgery
eeda8906829f97b390879332b08440f90087e8db9fb6a175e3f26d160c65b008,signature_verification/full_forg/forgeries_908_2.jpg,908,forgery
e1a3ce6c4a5b911d2900470ed8b93f11eb763c354b86ffc7d7d5a0b549b16c8d,signature_verification/full_forg/forgeries_921_5.jpg,921,forgery
e1a3ce6c4a5b911d2900470ed8b93f11eb763c354b86ffc7d7d5a0b549b16c8d,signature_verification/full_forg/forgeries_921_6.jpg,921,forgery
74f10220942ee3403f50a9200fbac807a3044b980c8e915422732a800e165830,signature_verification/full_forg/forgeries_929_5.jpg,929,forgery
74f10220942ee3403f50a9200fbac807a3044b980c8e915422732a800e165830,signature_verification/full_forg/forgeries_929_6.jpg,929,forgery
1e283b6e49849c8792a944340323cc3e6c946ac1ab5450e7f261617465d9ba0e,signature_verification/full_forg/forgeries_93_10.jpg,93,forgery
1e283b6e49849c8792a944340323cc3e6c946ac1ab5450e7f261617465d9ba0e,signature_verification/full_forg/forgeries_93_9.jpg,93,forgery
45858943dceb10d73cfba277a4f03ee4483ab4ac5eb7bb02053157de6fc491bf,signature_verification/full_forg/forgeries_964_13.jpg,964,forgery
45858943dceb10d73cfba277a4f03ee4483ab4ac5eb7bb02053157de6fc491bf,signature_verification/full_forg/forgeries_964_14.jpg,964,forgery
d71a9220279957630ab84fb7aa88e09dc1908c9fcb460a56547036fd02f172c8,signature_verification/full_forg/forgeries_97_5.jpg,97,forgery
d71a9220279957630ab84fb7aa88e09dc1908c9fcb460a56547036fd02f172c8,signature_verification/full_forg/forgeries_97_6.jpg,97,forgery
1e0d13ead556dea7c2aeb21dec5d4ec9761761b22aa3dfe457f00872b9dee386,signature_verification/full_forg/forgeries_987_13.jpg,987,forgery
1e0d13ead556dea7c2aeb21dec5d4ec9761761b22aa3dfe457f00872b9dee386,signature_verification/full_forg/forgeries_987_14.jpg,987,forgery
013f4196986db246f834e77b275edb74f786d6c817877231ea7d3582400f06f4,signature_verification/full_forg/forgeries_995_10.jpg,995,forgery
013f4196986db246f834e77b275edb74f786d6c817877231ea7d3582400f06f4,signature_verification/full_forg/forgeries_995_9.jpg,995,forgery
aad29ab78f37eefb30b33a5a0b10ae1cefc04857579c4b4512a41f57133163f5,signature_verification/full_forg/forgeries_99_13.jpg,99,forgery
aad29ab78f37eefb30b33a5a0b10ae1cefc04857579c4b4512a41f57133163f5,signature_verification/full_forg/forgeries_99_14.jpg,99,forgery
af2607a79969336bd45594349b9ad79009efa422d0727795b58b17a76b79b38b,signature_verification/full_org/original_1043_5.jpg,1043,genuine
af2607a79969336bd45594349b9ad79009efa422d0727795b58b17a76b79b38b,signature_verification/full_org/original_1043_6.jpg,1043,genuine
9adcad05851235cc6756aca54dc969a06d3de7f034b98f10544714c02fbd46c0,signature_verification/full_org/original_111_10.jpg,111,genuine
9adcad05851235cc6756aca54dc969a06d3de7f034b98f10544714c02fbd46c0,signature_verification/full_org/original_111_9.jpg,111,genuine
2b805ba03548c0156e6a18ec3b67331de3022cd3037b9b0e17c2baf4cfd393bd,signature_verification/full_org/original_1184_10.jpg,1184,genuine
2b805ba03548c0156e6a18ec3b67331de3022cd3037b9b0e17c2baf4cfd393bd,signature_verification/full_org/original_1184_9.jpg,1184,genuine
d4486d8137dc75395ae4a116d32360da455ad854df688e257bae5747cdbf4cbc,signature_verification/full_org/original_1190_5.jpg,1190,genuine
d4486d8137dc75395ae4a116d32360da455ad854df688e257bae5747cdbf4cbc,signature_verification/full_org/original_1190_6.jpg,1190,genuine
87ff515dd93ae582af79db94d2246f60aea16908ad5202b613f3de201e47b4f6,signature_verification/full_org/original_1210_10.jpg,1210,genuine
87ff515dd93ae582af79db94d2246f60aea16908ad5202b613f3de201e47b4f6,signature_verification/full_org/original_1210_9.jpg,1210,genuine
9b3f68ed45b649dc000f6e0081c855f567cc8f10b115f26c351298f3b5b2816b,signature_verification/full_org/original_121_1.jpg,121,genuine
9b3f68ed45b649dc000f6e0081c855f567cc8f10b115f26c351298f3b5b2816b,signature_verification/full_org/original_121_2.jpg,121,genuine
297b6635aec7bd0d1940260a9b17d9dfc341b3db69ddc18c02ffff75ddec0752,signature_verification/full_org/original_1245_1.jpg,1245,genuine
297b6635aec7bd0d1940260a9b17d9dfc341b3db69ddc18c02ffff75ddec0752,signature_verification/full_org/original_1245_2.jpg,1245,genuine
b26c7f46df28aa7561459f0817dfe42dae067dca0f35cd4f8443abcba38d3004,signature_verification/full_org/original_1263_1.jpg,1263,genuine
b26c7f46df28aa7561459f0817dfe42dae067dca0f35cd4f8443abcba38d3004,signature_verification/full_org/original_1263_2.jpg,1263,genuine
6ff22835e60c079bd29a18546840c7f450bd6c510ad1e853347ae50490e4825d,signature_verification/full_org/original_127_5.jpg,127,genuine
6ff22835e60c079bd29a18546840c7f450bd6c510ad1e853347ae50490e4825d,signature_verification/full_org/original_127_6.jpg,127,genuine
004bddfe3011ff0eb27795597ef74e9e8d83409ff3ba50486dfd7b31a8a2fa65,signature_verification/full_org/original_1343_10.jpg,1343,genuine
004bddfe3011ff0eb27795597ef74e9e8d83409ff3ba50486dfd7b31a8a2fa65,signature_verification/full_org/original_1343_9.jpg,1343,genuine
15f091239c0b79ade46b66e331402b0cb68d94fcdff648cad6124de894511096,signature_verification/full_org/original_1466_10.jpg,1466,genuine
15f091239c0b79ade46b66e331402b0cb68d94fcdff648cad6124de894511096,signature_verification/full_org/original_1466_9.jpg,1466,genuine
a175c7044168d0139e3c22b35a3e0dd3cf6b22e71d2f23ac1b08495e04f10297,signature_verification/full_org/original_1467_10.jpg,1467,genuine
a175c7044168d0139e3c22b35a3e0dd3cf6b22e71d2f23ac1b08495e04f10297,signature_verification/full_org/original_1467_9.jpg,1467,genuine
1f39f202e842f2317c744b8949f9a08faabfdb2058f8cba753ef1bab04fddcba,signature_verification/full_org/original_1488_5.jpg,1488,genuine
1f39f202e842f2317c744b8949f9a08faabfdb2058f8cba753ef1bab04fddcba,signature_verification/full_org/original_1488_6.jpg,1488,genuine
47a579fba3ce43215e338c22a392e6ce9138e7225106d25ac10eac7a8e477190,signature_verification/full_org/original_1503_10.jpg,1503,genuine
47a579fba3ce43215e338c22a392e6ce9138e7225106d25ac10eac7a8e477190,signature_verification/full_org/original_1503_9.jpg,1503,genuine
98a9ca76b6484b0aa5a394a0349e560861abb0c346553b44476e901544cede2e,signature_verification/full_org/original_1504_5.jpg,1504,genuine
98a9ca76b6484b0aa5a394a0349e560861abb0c346553b44476e901544cede2e,signature_verification/full_org/original_1504_6.jpg,1504,genuine
56ba5e3795d00d0055f20a86491fe157fca3a71674628d4de4ae8924387c25d9,signature_verification/full_org/original_1509_5.jpg,1509,genuine
56ba5e3795d00d0055f20a86491fe157fca3a71674628d4de4ae8924387c25d9,signature_verification/full_org/original_1509_6.jpg,1509,genuine
6d502ad4dc24ca02a3508251a11cef12cd23b27d1fa7e818eeba93b681dc654a,signature_verification/full_org/original_1580_1.jpg,1580,genuine
6d502ad4dc24ca02a3508251a11cef12cd23b27d1fa7e818eeba93b681dc654a,signature_verification/full_org/original_1580_2.jpg,1580,genuine
7f8dc3de2d6761eb5c6b3cf15757ecda9e979001a27ccfd64d019cf9498d4cac,signature_verification/full_org/original_158_5.jpg,158,genuine
7f8dc3de2d6761eb5c6b3cf15757ecda9e979001a27ccfd64d019cf9498d4cac,signature_verification/full_org/original_158_6.jpg,158,genuine
ea94b958ce6007c299903b53c87c5caf335c88c9a0a579c364353632525ebaab,signature_verification/full_org/original_1608_10.jpg,1608,genuine
ea94b958ce6007c299903b53c87c5caf335c88c9a0a579c364353632525ebaab,signature_verification/full_org/original_1608_9.jpg,1608,genuine
9eea787d3199fdf30b0e6186e85962b104eccd824387a307b4494b87f9d24775,signature_verification/full_org/original_1620_1.jpg,1620,genuine
9eea787d3199fdf30b0e6186e85962b104eccd824387a307b4494b87f9d24775,signature_verification/full_org/original_1620_2.jpg,1620,genuine
90877b8026f1a65f4fdb6a81a3b3b797fbb1e30612bdd388d4978c1c7522d9bb,signature_verification/full_org/original_1640_10.jpg,1640,genuine
90877b8026f1a65f4fdb6a81a3b3b797fbb1e30612bdd388d4978c1c7522d9bb,signature_verification/full_org/original_1640_9.jpg,1640,genuine
b9320aa0a011e6ed3e6ec594d920b693b1824e3b33b5e5fc9a8ab113bd70b9ae,signature_verification/full_org/original_1640_5.jpg,1640,genuine
b9320aa0a011e6ed3e6ec594d920b693b1824e3b33b5e5fc9a8ab113bd70b9ae,signature_verification/full_org/original_1640_6.jpg,1640,genuine
f02d7e220d8157b10943ae1daff969158b4ac122dba16244486f234ba0077795,signature_verification/full_org/original_1651_5.jpg,1651,genuine
f02d7e220d8157b10943ae1daff969158b4ac122dba16244486f234ba0077795,signature_verification/full_org/original_1651_6.jpg,1651,genuine
6bb9105cdc69a4a9b155cd7c8b77589b7b5f8e541972bd1f4fbd424c37a4e12c,signature_verification/full_org/original_1660_1.jpg,1660,genuine
6bb9105cdc69a4a9b155cd7c8b77589b7b5f8e541972bd1f4fbd424c37a4e12c,signature_verification/full_org/original_1660_2.jpg,1660,genuine
e850ac10d2354d4343ae846dc5354a5c88bd95f618790805de839e285c7db6dd,signature_verification/full_org/original_1664_1.jpg,1664,genuine
e850ac10d2354d4343ae846dc5354a5c88bd95f618790805de839e285c7db6dd,signature_verification/full_org/original_1664_2.jpg,1664,genuine
471fb984423a56cffb8a42be0da2dbbbdb6307a9cc911a2aa9442bc2c52e6c24,signature_verification/full_org/original_1701_1.jpg,1701,genuine
471fb984423a56cffb8a42be0da2dbbbdb6307a9cc911a2aa9442bc2c52e6c24,signature_verification/full_org/original_1701_2.jpg,1701,genuine
62d2dfead35237206f290f8ae12471a42b3960fd8341df0370eebad15294d5aa,signature_verification/full_org/original_1724_10.jpg,1724,genuine
62d2dfead35237206f290f8ae12471a42b3960fd8341df0370eebad15294d5aa,signature_verification/full_org/original_1724_9.jpg,1724,genuine
72a943eaa5ec8323ccd9c350406d9ccce05fc74913c52533daf0b8375db7f7a2,signature_verification/full_org/original_1769_1.jpg,1769,genuine
72a943eaa5ec8323ccd9c350406d9ccce05fc74913c52533daf0b8375db7f7a2,signature_verification/full_org/original_1769_2.jpg,1769,genuine
0bee772c464eb8bb806dbc205574e9fe059058c4f38166a7dd50ba793a41257e,signature_verification/full_org/original_1834_5.jpg,1834,genuine
0bee772c464eb8bb806dbc205574e9fe059058c4f38166a7dd50ba793a41257e,signature_verification/full_org/original_1834_6.jpg,1834,genuine
27d679bf048f4ae255ed180af98f84d4a3ea9977758c74fc63c3fdf2ae9a6961,signature_verification/full_org/original_1859_1.jpg,1859,genuine
27d679bf048f4ae255ed180af98f84d4a3ea9977758c74fc63c3fdf2ae9a6961,signature_verification/full_org/original_1859_2.jpg,1859,genuine
00821afdb82283f250d36158ef4375d3177b80b3d5b29a73ea8c947e579baed4,signature_verification/full_org/original_1862_1.jpg,1862,genuine
00821afdb82283f250d36158ef4375d3177b80b3d5b29a73ea8c947e579baed4,signature_verification/full_org/original_1862_2.jpg,1862,genuine
820842eb097ba81758b479949c78912e6442dcfd650a9b004d71ec72f537f7bd,signature_verification/full_org/original_1873_10.jpg,1873,genuine
820842eb097ba81758b479949c78912e6442dcfd650a9b004d71ec72f537f7bd,signature_verification/full_org/original_1873_9.jpg,1873,genuine
8c3deb3b26f6b4695be07fa78a81c95bc6bbf30f716d6b3d7f2001f3074e16dc,signature_verification/full_org/original_1875_1.jpg,1875,genuine
8c3deb3b26f6b4695be07fa78a81c95bc6bbf30f716d6b3d7f2001f3074e16dc,signature_verification/full_org/original_1875_2.jpg,1875,genuine
70f3beefda80f9acadaf978edaf9f30179389854df4583f492321629293858ed,signature_verification/full_org/original_1936_5.jpg,1936,genuine
70f3beefda80f9acadaf978edaf9f30179389854df4583f492321629293858ed,signature_verification/full_org/original_1936_6.jpg,1936,genuine
243398f9fce7f25849c35d1de8edb16cefdf260c6cc53d39cf3ef4617472e1ab,signature_verification/full_org/original_1942_10.jpg,1942,genuine
243398f9fce7f25849c35d1de8edb16cefdf260c6cc53d39cf3ef4617472e1ab,signature_verification/full_org/original_1942_9.jpg,1942,genuine
71460837034e2f5b1eac0670ec7e1360d9c09de0935b8933f661c035bd279c99,signature_verification/full_org/original_1952_1.jpg,1952,genuine
71460837034e2f5b1eac0670ec7e1360d9c09de0935b8933f661c035bd279c99,signature_verification/full_org/original_1952_2.jpg,1952,genuine
6958ecddb4cce3a1cf16bbe81897832bea0beee89bd2154ed6852520bd6a8964,signature_verification/full_org/original_1954_10.jpg,1954,genuine
6958ecddb4cce3a1cf16bbe81897832bea0beee89bd2154ed6852520bd6a8964,signature_verification/full_org/original_1954_9.jpg,1954,genuine
25db4e5fe81cf276f8d1c4fbfae8b7c55bcfe317ace68289732b60009a0435ad,signature_verification/full_org/original_2033_10.jpg,2033,genuine
25db4e5fe81cf276f8d1c4fbfae8b7c55bcfe317ace68289732b60009a0435ad,signature_verification/full_org/original_2033_9.jpg,2033,genuine
46f0baa80bbc70455b4195cd4a03a4f76d3f9a53a554d280e5ba98b54fa9bc1b,signature_verification/full_org/original_203_1.jpg,203,genuine
46f0baa80bbc70455b4195cd4a03a4f76d3f9a53a554d280e5ba98b54fa9bc1b,signature_verification/full_org/original_203_2.jpg,203,genuine
10e5e6d038962b6e04452c1c70beaa99bc962a2f059a17f24c4b97bab190bbaf,signature_verification/full_org/original_2046_1.jpg,2046,genuine
10e5e6d038962b6e04452c1c70beaa99bc962a2f059a17f24c4b97bab190bbaf,signature_verification/full_org/original_2046_2.jpg,2046,genuine
9b785726007569c869f9b1abf272c47afac01944a6167467556c70df5a4d0949,signature_verification/full_org/original_2074_10.jpg,2074,genuine
9b785726007569c869f9b1abf272c47afac01944a6167467556c70df5a4d0949,signature_verification/full_org/original_2074_9.jpg,2074,genuine
26726c63e05f1950ea6187ba9598f26ff1d10aba3b700d1d007973d99602f637,signature_verification/full_org/original_2075_1.jpg,2075,genuine
26726c63e05f1950ea6187ba9598f26ff1d10aba3b700d1d007973d99602f637,signature_verification/full_org/original_2075_2.jpg,2075,genuine
961ae375c6e52b1afe8898de5ccd6461212f1c7427e43fe33eab5ae6951a383e,signature_verification/full_org/original_2108_1.jpg,2108,genuine
961ae375c6e52b1afe8898de5ccd6461212f1c7427e43fe33eab5ae6951a383e,signature_verification/full_org/original_2108_2.jpg,2108,genuine
7d8325d370299d18d47f74fbe9090badae3adfb8c75b13938cf4a63a92ef6294,signature_verification/full_org/original_2110_10.jpg,2110,genuine
7d8325d370299d18d47f74fbe9090badae3adfb8c75b13938cf4a63a92ef6294,signature_verification/full_org/original_2110_9.jpg,2110,genuine
1a219808e37ef6d5f9f917023365ca6e5eb4bb56bcfe23e838cb1ec5d2fd6b9f,signature_verification/full_org/original_2116_5.jpg,2116,genuine
1a219808e37ef6d5f9f917023365ca6e5eb4bb56bcfe23e838cb1ec5d2fd6b9f,signature_verification/full_org/original_2116_6.jpg,2116,genuine
47649779cb1cd6bcbef2af5d62b233a3f3a4467b48584131e804972a8ced43cc,signature_verification/full_org/original_2169_5.jpg,2169,genuine
47649779cb1cd6bcbef2af5d62b233a3f3a4467b48584131e804972a8ced43cc,signature_verification/full_org/original_2169_6.jpg,2169,genuine
4eb11e0b2c6cf6ce67b6f4b5b3f733888d17b193e47606283d5233bb8189eeea,signature_verification/full_org/original_2190_5.jpg,2190,genuine
4eb11e0b2c6cf6ce67b6f4b5b3f733888d17b193e47606283d5233bb8189eeea,signature_verification/full_org/original_2190_6.jpg,2190,genuine
07a57ef26b96f4e50a910d70666d2d7be82c3f1d045d79ab64c35d9a3bc444b9,signature_verification/full_org/original_2245_5.jpg,2245,genuine
07a57ef26b96f4e50a910d70666d2d7be82c3f1d045d79ab64c35d9a3bc444b9,signature_verification/full_org/original_2245_6.jpg,2245,genuine
61c7ee02aec6b69e0a23e9b5f82107f1277ace4916b010e242f11b0d3da2a4b0,signature_verification/full_org/original_2256_10.jpg,2256,genuine
61c7ee02aec6b69e0a23e9b5f82107f1277ace4916b010e242f11b0d3da2a4b0,signature_verification/full_org/original_2256_9.jpg,2256,genuine
6a40f4bc95b08fc0ba1cff07660b0bde8b5ecf7aec3e5f2f198865d949c3bb02,signature_verification/full_org/original_2256_5.jpg,2256,genuine
6a40f4bc95b08fc0ba1cff07660b0bde8b5ecf7aec3e5f2f198865d949c3bb02,signature_verification/full_org/original_2256_6.jpg,2256,genuine
962b3e0efa5d8d268dfeb1a28361c0bdb86fd7d93fa10afe84e8a3673b719ca7,signature_verification/full_org/original_2277_5.jpg,2277,genuine
962b3e0efa5d8d268dfeb1a28361c0bdb86fd7d93fa10afe84e8a3673b719ca7,signature_verification/full_org/original_2277_6.jpg,2277,genuine
30af6cf8cbedf489f2275e286292b29211a2b4f1e9ed20ca6a83b8ec44206596,signature_verification/full_org/original_2290_10.jpg,2290,genuine
30af6cf8cbedf489f2275e286292b29211a2b4f1e9ed20ca6a83b8ec44206596,signature_verification/full_org/original_2290_9.jpg,2290,genuine
1cd5fcec60cf39c4d394516e0a02aeafb9e8eb57316152af09b3b736c997d6be,signature_verification/full_org/original_2294_1.jpg,2294,genuine
1cd5fcec60cf39c4d394516e0a02aeafb9e8eb57316152af09b3b736c997d6be,signature_verification/full_org/original_2294_2.jpg,2294,genuine
cc4a67b79c3f44bfc96b6197fbcb226fd053cd59bda62605dc0f854fc2303504,signature_verification/full_org/original_2306_10.jpg,2306,genuine
cc4a67b79c3f44bfc96b6197fbcb226fd053cd59bda62605dc0f854fc2303504,signature_verification/full_org/original_2306_9.jpg,2306,genuine
d5f6630d58604c575e9cd42f6728309a3da1c085c9174eccdc8a00859f4a1a15,signature_verification/full_org/original_2309_10.jpg,2309,genuine
d5f6630d58604c575e9cd42f6728309a3da1c085c9174eccdc8a00859f4a1a15,signature_verification/full_org/original_2309_9.jpg,2309,genuine
05d0e7492b5a29f4c251d7f4f6933b4b7c8d3072bfbb35a14c7233d698d9e83e,signature_verification/full_org/original_230_1.jpg,230,genuine
05d0e7492b5a29f4c251d7f4f6933b4b7c8d3072bfbb35a14c7233d698d9e83e,signature_verification/full_org/original_230_2.jpg,230,genuine
251f770fd69f6fde1aa240604c80c1a82cfeed8b6c461b2412b4d3f7ac2e5104,signature_verification/full_org/original_2325_1.jpg,2325,genuine
251f770fd69f6fde1aa240604c80c1a82cfeed8b6c461b2412b4d3f7ac2e5104,signature_verification/full_org/original_2325_2.jpg,2325,genuine
a5bc9f0bc645248ddecb3f026ced824234a36c648b3259c4f69352ff9070fd54,signature_verification/full_org/original_2341_1.jpg,2341,genuine
a5bc9f0bc645248ddecb3f026ced824234a36c648b3259c4f69352ff9070fd54,signature_verification/full_org/original_2341_2.jpg,2341,genuine
542fca46df0c1a4a55d383c2d958b91ab5294e935d207004e754fe5ed9cc6dbc,signature_verification/full_org/original_2368_10.jpg,2368,genuine
542fca46df0c1a4a55d383c2d958b91ab5294e935d207004e754fe5ed9cc6dbc,signature_verification/full_org/original_2368_9.jpg,2368,genuine
714ffa64e5a9ca175449e85f3d48b6477ee29d30a763f5c26843b94cbba058c9,signature_verification/full_org/original_2405_5.jpg,2405,genuine
714ffa64e5a9ca175449e85f3d48b6477ee29d30a763f5c26843b94cbba058c9,signature_verification/full_org/original_2405_6.jpg,2405,genuine
dee67ab401cedb646765135075594bef89ea77127495ba49267ef52554fd40ef,signature_verification/full_org/original_2429_1.jpg,2429,genuine
dee67ab401cedb646765135075594bef89ea77127495ba49267ef52554fd40ef,signature_verification/full_org/original_2429_2.jpg,2429,genuine
f585cbe252f8db7092726701f6afde43dc3bbb6de7cf0f8de1a1b8c4b4945f96,signature_verification/full_org/original_2501_1.jpg,2501,genuine
f585cbe252f8db7092726701f6afde43dc3bbb6de7cf0f8de1a1b8c4b4945f96,signature_verification/full_org/original_2501_2.jpg,2501,genuine
e8d4f600766f70ec14761cf49917e1ba0c7e8387845fada98573a0267d554f78,signature_verification/full_org/original_2574_1.jpg,2574,genuine
e8d4f600766f70ec14761cf49917e1ba0c7e8387845fada98573a0267d554f78,signature_verification/full_org/original_2574_2.jpg,2574,genuine
b7a72192882a356ce7b4aedbfaaa420016d603d50aeb7226b1d0070d34a42cb0,signature_verification/full_org/original_2610_10.jpg,2610,genuine
b7a72192882a356ce7b4aedbfaaa420016d603d50aeb7226b1d0070d34a42cb0,signature_verification/full_org/original_2610_9.jpg,2610,genuine
d6751713c526a4499541689b4c2d9fd781884517c32443529cdfa1ee7cd046b4,signature_verification/full_org/original_2620_10.jpg,2620,genuine
d6751713c526a4499541689b4c2d9fd781884517c32443529cdfa1ee7cd046b4,signature_verification/full_org/original_2620_9.jpg,2620,genuine
017986e139e6ba47724cc332b56e69ca80c0703746ba6100f730a6de4d34f788,signature_verification/full_org/original_2664_1.jpg,2664,genuine
017986e139e6ba47724cc332b56e69ca80c0703746ba6100f730a6de4d34f788,signature_verification/full_org/original_2664_2.jpg,2664,genuine
c6301799c1426173e0e0bcc9927bf8246b463127d839a859a5a1b51b18ac4516,signature_verification/full_org/original_2680_5.jpg,2680,genuine
c6301799c1426173e0e0bcc9927bf8246b463127d839a859a5a1b51b18ac4516,signature_verification/full_org/original_2680_6.jpg,2680,genuine
99f87b960e8a158779da8f80303bf899fec13974d27afcc7d0444c95395e9bb1,signature_verification/full_org/original_2685_10.jpg,2685,genuine
99f87b960e8a158779da8f80303bf899fec13974d27afcc7d0444c95395e9bb1,signature_verification/full_org/original_2685_9.jpg,2685,genuine
b7a831a612e5d3147e7f54dfce6b50aee64fd2cdad9a740f975db80aa50926f7,signature_verification/full_org/original_2701_10.jpg,2701,genuine
b7a831a612e5d3147e7f54dfce6b50aee64fd2cdad9a740f975db80aa50926f7,signature_verification/full_org/original_2701_9.jpg,2701,genuine
8440184b3b28c4edd4d1ab2481313c93b772fa4f11d96b19dd015d1ec324dfe9,signature_verification/full_org/original_2708_10.jpg,2708,genuine
8440184b3b28c4edd4d1ab2481313c93b772fa4f11d96b19dd015d1ec324dfe9,signature_verification/full_org/original_2708_9.jpg,2708,genuine
020e68604ca10f6c3ee99b944fd71ea144301ee46579f1d70a6ebc2aaa2f83d4,signature_verification/full_org/original_2722_10.jpg,2722,genuine
020e68604ca10f6c3ee99b944fd71ea144301ee46579f1d70a6ebc2aaa2f83d4,signature_verification/full_org/original_2722_9.jpg,2722,genuine
96a56a9733225dddd4dfd0ad7a04a805afda8a17cda85e659391071516ea7d0f,signature_verification/full_org/original_2744_1.jpg,2744,genuine
96a56a9733225dddd4dfd0ad7a04a805afda8a17cda85e659391071516ea7d0f,signature_verification/full_org/original_2744_2.jpg,2744,genuine
0857d791c4127d3563721932eaa7ae75911164ef7d861937f137a67bedb01ed5,signature_verification/full_org/original_2787_1.jpg,2787,genuine
0857d791c4127d3563721932eaa7ae75911164ef7d861937f137a67bedb01ed5,signature_verification/full_org/original_2787_2.jpg,2787,genuine
c964396d2daee37b3cf11c56f3be310e68d04cc93f55fe14343dfa192366f97f,signature_verification/full_org/original_2794_5.jpg,2794,genuine
c964396d2daee37b3cf11c56f3be310e68d04cc93f55fe14343dfa192366f97f,signature_verification/full_org/original_2794_6.jpg,2794,genuine
95eb4201bed04c17289da768f591483ad394d37947868f7751b2baa2a407b632,signature_verification/full_org/original_282_1.jpg,282,genuine
95eb4201bed04c17289da768f591483ad394d37947868f7751b2baa2a407b632,signature_verification/full_org/original_282_2.jpg,282,genuine
3007289e2fd0ccd3b09b332dfbf926d74cedabd65550ee9398a8dfcddcdbed77,signature_verification/full_org/original_2835_10.jpg,2835,genuine
3007289e2fd0ccd3b09b332dfbf926d74cedabd65550ee9398a8dfcddcdbed77,signature_verification/full_org/original_2835_9.jpg,2835,genuine
5e990f1051724a296c07419fe00cddd25c499de174c85cbc22c57faf19d6592b,signature_verification/full_org/original_2856_1.jpg,2856,genuine
5e990f1051724a296c07419fe00cddd25c499de174c85cbc22c57faf19d6592b,signature_verification/full_org/original_2856_2.jpg,2856,genuine
4db2a1ca406cfb547d8a708a8aba9e0614a36a46c5ee81c765858336a0c95459,signature_verification/full_org/original_2889_10.jpg,2889,genuine
4db2a1ca406cfb547d8a708a8aba9e0614a36a46c5ee81c765858336a0c95459,signature_verification/full_org/original_2889_9.jpg,2889,genuine
d2dfd27cd687b72a9b09bc6459f2773241a7b79c525930f80b6653eaf321b228,signature_verification/full_org/original_288_5.jpg,288,genuine
d2dfd27cd687b72a9b09bc6459f2773241a7b79c525930f80b6653eaf321b228,signature_verification/full_org/original_288_6.jpg,288,genuine
0c6b0d6d679c0acde19d7b092e6a3f559e9a35a13eb3865adc52e7219ae2c494,signature_verification/full_org/original_2890_1.jpg,2890,genuine
0c6b0d6d679c0acde19d7b092e6a3f559e9a35a13eb3865adc52e7219ae2c494,signature_verification/full_org/original_2890_2.jpg,2890,genuine
16088a84276a61912709a7386cbbcb9053add44e0d1f00b899a28304cda1c9f5,signature_verification/full_org/original_2901_10.jpg,2901,genuine
16088a84276a61912709a7386cbbcb9053add44e0d1f00b899a28304cda1c9f5,signature_verification/full_org/original_2901_9.jpg,2901,genuine
db72b951c701bbe57b4e8dec8dbf118e4da62c60fdcafc965e455f6f5f66423d,signature_verification/full_org/original_2914_10.jpg,2914,genuine
db72b951c701bbe57b4e8dec8dbf118e4da62c60fdcafc965e455f6f5f66423d,signature_verification/full_org/original_2914_9.jpg,2914,genuine
5f708bc6bbb710546f5c1b438d40a10f97c66cfdde38fbe8fd2cd100c67cd7a2,signature_verification/full_org/original_2945_10.jpg,2945,genuine
5f708bc6bbb710546f5c1b438d40a10f97c66cfdde38fbe8fd2cd100c67cd7a2,signature_verification/full_org/original_2945_9.jpg,2945,genuine
ea28dd10cf3c56aabd7cd1200c25381e485a274656ef5656227288414109def7,signature_verification/full_org/original_294_1.jpg,294,genuine
ea28dd10cf3c56aabd7cd1200c25381e485a274656ef5656227288414109def7,signature_verification/full_org/original_294_2.jpg,294,genuine
b219416d2e14f1ddf8b10375ede9d751482e45f14187b8cbd69640e5e9bf27e8,signature_verification/full_org/original_2959_5.jpg,2959,genuine
b219416d2e14f1ddf8b10375ede9d751482e45f14187b8cbd69640e5e9bf27e8,signature_verification/full_org/original_2959_6.jpg,2959,genuine
081c8ff733d104a0ba2cedf33f06a28b129e03c8b0764561bd3303f247c7664d,signature_verification/full_org/original_2963_5.jpg,2963,genuine
081c8ff733d104a0ba2cedf33f06a28b129e03c8b0764561bd3303f247c7664d,signature_verification/full_org/original_2963_6.jpg,2963,genuine
deb7ad1a20a5da1b0bdc3bf32ba796d6be1501b494d0d8b3a7fb364c49b28bde,signature_verification/full_org/original_2970_1.jpg,2970,genuine
deb7ad1a20a5da1b0bdc3bf32ba796d6be1501b494d0d8b3a7fb364c49b28bde,signature_verification/full_org/original_2970_2.jpg,2970,genuine
20f19985fe2bb12dd52afc7190329079e29b50f725384cb3c20cf49475bff7bc,signature_verification/full_org/original_2976_1.jpg,2976,genuine
20f19985fe2bb12dd52afc7190329079e29b50f725384cb3c20cf49475bff7bc,signature_verification/full_org/original_2976_2.jpg,2976,genuine
e93f4a7aa10df10e92f8ee2c6572888b25275e6cd17b61f02826b9dd36848a6b,signature_verification/full_org/original_299_5.jpg,299,genuine
e93f4a7aa10df10e92f8ee2c6572888b25275e6cd17b61f02826b9dd36848a6b,signature_verification/full_org/original_299_6.jpg,299,genuine
5f88da13cd538552f97704d127386f9fb13e2c9b728787ec85a726125bcbc160,signature_verification/full_org/original_3012_5.jpg,3012,genuine
5f88da13cd538552f97704d127386f9fb13e2c9b728787ec85a726125bcbc160,signature_verification/full_org/original_3012_6.jpg,3012,genuine
c4e23514c5d9ce1203c6bd6205aa16b42d50937dcd166398ac9d5633f6cbc9af,signature_verification/full_org/original_3030_1.jpg,3030,genuine
c4e23514c5d9ce1203c6bd6205aa16b42d50937dcd166398ac9d5633f6cbc9af,signature_verification/full_org/original_3030_2.jpg,3030,genuine
3712ae04e1cbe7e6c2e72bb133df4701f7724f4e729205dfa24173090338ec42,signature_verification/full_org/original_3031_5.jpg,3031,genuine
3712ae04e1cbe7e6c2e72bb133df4701f7724f4e729205dfa24173090338ec42,signature_verification/full_org/original_3031_6.jpg,3031,genuine
b3fee6c21c197e4fb75163bc34c2a027bbe52692fcf26ace535c1ad99d9529d5,signature_verification/full_org/original_3042_5.jpg,3042,genuine
b3fee6c21c197e4fb75163bc34c2a027bbe52692fcf26ace535c1ad99d9529d5,signature_verification/full_org/original_3042_6.jpg,3042,genuine
6cd5126a83f4787831461539de7e08a85ec1830b4721a3c433c8a4a34e4f232f,signature_verification/full_org/original_3059_1.jpg,3059,genuine
6cd5126a83f4787831461539de7e08a85ec1830b4721a3c433c8a4a34e4f232f,signature_verification/full_org/original_3059_2.jpg,3059,genuine
bec133343d012bf546a0cb14ce410de904b90d815bf0ef713138b1f8951f6e44,signature_verification/full_org/original_3059_5.jpg,3059,genuine
bec133343d012bf546a0cb14ce410de904b90d815bf0ef713138b1f8951f6e44,signature_verification/full_org/original_3059_6.jpg,3059,genuine
d7519586ebc50e4bc358037e353ca1cbb6152a9e76ecb69215f8717a8b6387f1,signature_verification/full_org/original_3060_5.jpg,3060,genuine
d7519586ebc50e4bc358037e353ca1cbb6152a9e76ecb69215f8717a8b6387f1,signature_verification/full_org/original_3060_6.jpg,3060,genuine
5ff5ad3566e9cbb82189c59972e33a8dc60783b4a852c16eacd43faf071c315f,signature_verification/full_org/original_3068_5.jpg,3068,genuine
5ff5ad3566e9cbb82189c59972e33a8dc60783b4a852c16eacd43faf071c315f,signature_verification/full_org/original_3068_6.jpg,3068,genuine
f38025fcba324d1fd8237fae2d3854552b4309819727b80c4f470a4d0cca3ac5,signature_verification/full_org/original_306_5.jpg,306,genuine
f38025fcba324d1fd8237fae2d3854552b4309819727b80c4f470a4d0cca3ac5,signature_verification/full_org/original_306_6.jpg,306,genuine
1d4bbebff67d4a7117ae5ec73a35f0f6bd90490dfaf9935a14410a837506954b,signature_verification/full_org/original_3127_10.jpg,3127,genuine
1d4bbebff67d4a7117ae5ec73a35f0f6bd90490dfaf9935a14410a837506954b,signature_verification/full_org/original_3127_9.jpg,3127,genuine
3128b22cf242cbeaf0929a55756a10eb41c83aa60cc504ee74f25fcfe030704a,signature_verification/full_org/original_3128_5.jpg,3128,genuine
3128b22cf242cbeaf0929a55756a10eb41c83aa60cc504ee74f25fcfe030704a,signature_verification/full_org/original_3128_6.jpg,3128,genuine
dcb6401cd8a7c4d98c9f3342ba7bb203937114b21973d7c8ef8cb69bddbbfedb,signature_verification/full_org/original_3190_10.jpg,3190,genuine
dcb6401cd8a7c4d98c9f3342ba7bb203937114b21973d7c8ef8cb69bddbbfedb,signature_verification/full_org/original_3190_9.jpg,3190,genuine
a0708f0326ebe7b1108f2e309bcab9c537d75f0a58943d8f61fbb722079eb6f8,signature_verification/full_org/original_3198_1.jpg,3198,genuine
a0708f0326ebe7b1108f2e309bcab9c537d75f0a58943d8f61fbb722079eb6f8,signature_verification/full_org/original_3198_2.jpg,3198,genuine
6033b55d3f021c8b87092765206ca5895f737f394c652267131c15fadb562740,signature_verification/full_org/original_3234_10.jpg,3234,genuine
6033b55d3f021c8b87092765206ca5895f737f394c652267131c15fadb562740,signature_verification/full_org/original_3234_9.jpg,3234,genuine
4310ee12ebaae12422bf58fd3ad65b29c68865ad96dfca7eae3724afcab96163,signature_verification/full_org/original_3237_10.jpg,3237,genuine
4310ee12ebaae12422bf58fd3ad65b29c68865ad96dfca7eae3724afcab96163,signature_verification/full_org/original_3237_9.jpg,3237,genuine
ed0e3033e55d384e98727f2a7267672cb18b9a39f5d7379ac0207c5a7a803e95,signature_verification/full_org/original_3246_10.jpg,3246,genuine
ed0e3033e55d384e98727f2a7267672cb18b9a39f5d7379ac0207c5a7a803e95,signature_verification/full_org/original_3246_9.jpg,3246,genuine
0c47fd134beba0456135db51a7c5ed4f9318824765a0ec652eadd71a5098757d,signature_verification/full_org/original_3257_1.jpg,3257,genuine
0c47fd134beba0456135db51a7c5ed4f9318824765a0ec652eadd71a5098757d,signature_verification/full_org/original_3257_2.jpg,3257,genuine
3ce804bb67ec87aa2dbe65ec96100ea7e1395b7c3c7615500c904388fc33324b,signature_verification/full_org/original_3262_5.jpg,3262,genuine
3ce804bb67ec87aa2dbe65ec96100ea7e1395b7c3c7615500c904388fc33324b,signature_verification/full_org/original_3262_6.jpg,3262,genuine
6cd1966b84c8eb52160b635d5b71b9e2e832d6567218d3135010336373c99771,signature_verification/full_org/original_3285_5.jpg,3285,genuine
6cd1966b84c8eb52160b635d5b71b9e2e832d6567218d3135010336373c99771,signature_verification/full_org/original_3285_6.jpg,3285,genuine
ab5a245180c79252cbff04702d49c82734897729d3ff2846ef04bbd7fc08ca03,signature_verification/full_org/original_328_1.jpg,328,genuine
ab5a245180c79252cbff04702d49c82734897729d3ff2846ef04bbd7fc08ca03,signature_verification/full_org/original_328_2.jpg,328,genuine
9a65578433bf8487f767ef897d0dec0c96abfe7f1f4d1a6707b92951d8d1b40a,signature_verification/full_org/original_328_5.jpg,328,genuine
9a65578433bf8487f767ef897d0dec0c96abfe7f1f4d1a6707b92951d8d1b40a,signature_verification/full_org/original_328_6.jpg,328,genuine
aa81d9245b847a738dd11e94ce7fbbc31a64d37dc64e45b52281154aa3a6a615,signature_verification/full_org/original_3306_1.jpg,3306,genuine
aa81d9245b847a738dd11e94ce7fbbc31a64d37dc64e45b52281154aa3a6a615,signature_verification/full_org/original_3306_2.jpg,3306,genuine
0a5fb51d6f748de35277a19f871f7074cf771051228856d173b87c66011760dc,signature_verification/full_org/original_3332_10.jpg,3332,genuine
0a5fb51d6f748de35277a19f871f7074cf771051228856d173b87c66011760dc,signature_verification/full_org/original_3332_9.jpg,3332,genuine
c6b4b43d59d7dea311c2223869d89b41888e6362e7e59e403086d6e702489fcb,signature_verification/full_org/original_3339_1.jpg,3339,genuine
c6b4b43d59d7dea311c2223869d89b41888e6362e7e59e403086d6e702489fcb,signature_verification/full_org/original_3339_2.jpg,3339,genuine
e3aa743e8b243044df55c1dc8551642de107577f2eb65c44ad89aa71240057a2,signature_verification/full_org/original_3347_10.jpg,3347,genuine
e3aa743e8b243044df55c1dc8551642de107577f2eb65c44ad89aa71240057a2,signature_verification/full_org/original_3347_9.jpg,3347,genuine
f9067162ffe54b13723dcf6ff9bca3aec6685185bece58e147917d4a1dd5ed45,signature_verification/full_org/original_3356_1.jpg,3356,genuine
f9067162ffe54b13723dcf6ff9bca3aec6685185bece58e147917d4a1dd5ed45,signature_verification/full_org/original_3356_2.jpg,3356,genuine
04725f91196b8810feb0249092563f2bb40132af21d646b27ede07b182f8b8f3,signature_verification/full_org/original_3362_1.jpg,3362,genuine
04725f91196b8810feb0249092563f2bb40132af21d646b27ede07b182f8b8f3,signature_verification/full_org/original_3362_2.jpg,3362,genuine
218691166b63c48413d2bcebef0f0db1a3be9523c8529a3b7b4556e0665a77e5,signature_verification/full_org/original_3371_5.jpg,3371,genuine
218691166b63c48413d2bcebef0f0db1a3be9523c8529a3b7b4556e0665a77e5,signature_verification/full_org/original_3371_6.jpg,3371,genuine
f6109ac7ccf269ef753867fa6f1f18bccbb80f9a8364ed775afe89dc417830a2,signature_verification/full_org/original_3373_1.jpg,3373,genuine
f6109ac7ccf269ef753867fa6f1f18bccbb80f9a8364ed775afe89dc417830a2,signature_verification/full_org/original_3373_2.jpg,3373,genuine
b87c3969e5d5311c339be2e16027af3cf8455e5ff5a32515643f661cb65549e5,signature_verification/full_org/original_3381_1.jpg,3381,genuine
b87c3969e5d5311c339be2e16027af3cf8455e5ff5a32515643f661cb65549e5,signature_verification/full_org/original_3381_2.jpg,3381,genuine
04043336738b7aafaca4a0aed7771a1fb29cdafaf20664b3c2d8b0d5dac67fe0,signature_verification/full_org/original_3403_10.jpg,3403,genuine
04043336738b7aafaca4a0aed7771a1fb29cdafaf20664b3c2d8b0d5dac67fe0,signature_verification/full_org/original_3403_9.jpg,3403,genuine
8aee3bcd1819e6c806c536c2e069f2da6d00da3779add13f931bab43eddb293b,signature_verification/full_org/original_3406_10.jpg,3406,genuine
8aee3bcd1819e6c806c536c2e069f2da6d00da3779add13f931bab43eddb293b,signature_verification/full_org/original_3406_9.jpg,3406,genuine
86fba80d59ceb48c290edac71e609442cbdf54e76edd1bb8b02f276bef2b415d,signature_verification/full_org/original_3457_1.jpg,3457,genuine
86fba80d59ceb48c290edac71e609442cbdf54e76edd1bb8b02f276bef2b415d,signature_verification/full_org/original_3457_2.jpg,3457,genuine
c81ba7453629de76ce32a05901eebef5d40836fe67256b9be5db46d3f20a89de,signature_verification/full_org/original_3500_10.jpg,3500,genuine
c81ba7453629de76ce32a05901eebef5d40836fe67256b9be5db46d3f20a89de,signature_verification/full_org/original_3500_9.jpg,3500,genuine
1053cee90ebc8996297a6f771ff5c0f142fe033dd447b3eb7f8aaa21a8b78964,signature_verification/full_org/original_3519_10.jpg,3519,genuine
1053cee90ebc8996297a6f771ff5c0f142fe033dd447b3eb7f8aaa21a8b78964,signature_verification/full_org/original_3519_9.jpg,3519,genuine
43e899d484011b6734985e631f8f026af73587999ccf3c37b4ce90ebb3f72ea5,signature_verification/full_org/original_3535_1.jpg,3535,genuine
43e899d484011b6734985e631f8f026af73587999ccf3c37b4ce90ebb3f72ea5,signature_verification/full_org/original_3535_2.jpg,3535,genuine
ba5b18d71b96e781d07d53d696c9d4ec9eef0d92424d509be6bfed538cb7a556,signature_verification/full_org/original_3582_10.jpg,3582,genuine
ba5b18d71b96e781d07d53d696c9d4ec9eef0d92424d509be6bfed538cb7a556,signature_verification/full_org/original_3582_9.jpg,3582,genuine
f7199704b7c54b34238a679104bd8b277b9fb396d051ce663b9b62e9c8c959a5,signature_verification/full_org/original_3594_1.jpg,3594,genuine
f7199704b7c54b34238a679104bd8b277b9fb396d051ce663b9b62e9c8c959a5,signature_verification/full_org/original_3594_2.jpg,3594,genuine
e4a2e22374df461f1726295b6685c2b07b62cfb4045095b753e0911377b86f52,signature_verification/full_org/original_3599_10.jpg,3599,genuine
e4a2e22374df461f1726295b6685c2b07b62cfb4045095b753e0911377b86f52,signature_verification/full_org/original_3599_9.jpg,3599,genuine
867c22c89f8427f1d073b0d0d1bce6379405c3d837a27c52f14607a7a3e843ee,signature_verification/full_org/original_3602_1.jpg,3602,genuine
867c22c89f8427f1d073b0d0d1bce6379405c3d837a27c52f14607a7a3e843ee,signature_verification/full_org/original_3602_2.jpg,3602,genuine
3b9f0a9d9206447db9153eb16239f63112547087bec8f31ec56c51faa7dfb27b,signature_verification/full_org/original_3602_5.jpg,3602,genuine
3b9f0a9d9206447db9153eb16239f63112547087bec8f31ec56c51faa7dfb27b,signature_verification/full_org/original_3602_6.jpg,3602,genuine
a0801fc79930b4e8379eb4c782e47f9bf66c99df8b8bb641a95b10cdce09af40,signature_verification/full_org/original_3611_1.jpg,3611,genuine
a0801fc79930b4e8379eb4c782e47f9bf66c99df8b8bb641a95b10cdce09af40,signature_verification/full_org/original_3611_2.jpg,3611,genuine
babd044d90ccb5bbc90ea7c9404bae44099e79a3157a12b844b05ca03d81f345,signature_verification/full_org/original_3626_10.jpg,3626,genuine
babd044d90ccb5bbc90ea7c9404bae44099e79a3157a12b844b05ca03d81f345,signature_verification/full_org/original_3626_9.jpg,3626,genuine
033bd01c8a8f8986250669279f23f40a36902c50c1502ab99b63ebf5542ea1b0,signature_verification/full_org/original_3629_10.jpg,3629,genuine
033bd01c8a8f8986250669279f23f40a36902c50c1502ab99b63ebf5542ea1b0,signature_verification/full_org/original_3629_9.jpg,3629,genuine
bbdff077d6f8627a173aa9e1bd36571b08f62884269ffed460bbf5a0ed31f6ea,signature_verification/full_org/original_362_5.jpg,362,genuine
bbdff077d6f8627a173aa9e1bd36571b08f62884269ffed460bbf5a0ed31f6ea,signature_verification/full_org/original_362_6.jpg,362,genuine
c05faddf4fab93431d6065316ff47db673a5abc3ac955efa85665a803ac6d4d7,signature_verification/full_org/original_3642_1.jpg,3642,genuine
c05faddf4fab93431d6065316ff47db673a5abc3ac955efa85665a803ac6d4d7,signature_verification/full_org/original_3642_2.jpg,3642,genuine
1b9e720cb46ba9c63b0d5573117ce50a93e4c0c675ca0d95bba8165f5ae2a196,signature_verification/full_org/original_3654_1.jpg,3654,genuine
1b9e720cb46ba9c63b0d5573117ce50a93e4c0c675ca0d95bba8165f5ae2a196,signature_verification/full_org/original_3654_2.jpg,3654,genuine
2fd5f5f3692289ec62b8bd75e638587de7f79200496fc12af1db9840d06d4d90,signature_verification/full_org/original_3667_5.jpg,3667,genuine
2fd5f5f3692289ec62b8bd75e638587de7f79200496fc12af1db9840d06d4d90,signature_verification/full_org/original_3667_6.jpg,3667,genuine
c79ee5d3cfc408f190b63f2b8f82355db39ebb63a1deef3d45383d279a3e82c8,signature_verification/full_org/original_3677_1.jpg,3677,genuine
c79ee5d3cfc408f190b63f2b8f82355db39ebb63a1deef3d45383d279a3e82c8,signature_verification/full_org/original_3677_2.jpg,3677,genuine
aa855f6af3633e9153204c71e6fd6fd28d74e998c4e345593a61d2ebae9ced95,signature_verification/full_org/original_3700_10.jpg,3700,genuine
aa855f6af3633e9153204c71e6fd6fd28d74e998c4e345593a61d2ebae9ced95,signature_verification/full_org/original_3700_9.jpg,3700,genuine
9b4c19ec1fd3f5b4dc43743433a8301467860288cdf9661fa467c96d0134de31,signature_verification/full_org/original_3702_5.jpg,3702,genuine
9b4c19ec1fd3f5b4dc43743433a8301467860288cdf9661fa467c96d0134de31,signature_verification/full_org/original_3702_6.jpg,3702,genuine
4f7eb7a611286eb8a1c7c22cca8365c4f4daa8848e7fe4404c85b5fae07dc978,signature_verification/full_org/original_3719_1.jpg,3719,genuine
4f7eb7a611286eb8a1c7c22cca8365c4f4daa8848e7fe4404c85b5fae07dc978,signature_verification/full_org/original_3719_2.jpg,3719,genuine
f5fedb3d491e1d52e02865ec6afc967a6e2fb815616e664bffa914483a064164,signature_verification/full_org/original_3736_10.jpg,3736,genuine
f5fedb3d491e1d52e02865ec6afc967a6e2fb815616e664bffa914483a064164,signature_verification/full_org/original_3736_9.jpg,3736,genuine
af162e2fdc15c42d799ad9b0588cc42969afbd749aaf0dbbb9b597bf27c012b7,signature_verification/full_org/original_373_10.jpg,373,genuine
af162e2fdc15c42d799ad9b0588cc42969afbd749aaf0dbbb9b597bf27c012b7,signature_verification/full_org/original_373_9.jpg,373,genuine
bef321829e3ddbdc2615210f9dbfda45e8b9df40577cb597d2d70b9ccd2c02c3,signature_verification/full_org/original_3774_10.jpg,3774,genuine
bef321829e3ddbdc2615210f9dbfda45e8b9df40577cb597d2d70b9ccd2c02c3,signature_verification/full_org/original_3774_9.jpg,3774,genuine
06527d00b072a48de851104fb644687b91407723d6aad7f49f4450bf42408672,signature_verification/full_org/original_3776_1.jpg,3776,genuine
06527d00b072a48de851104fb644687b91407723d6aad7f49f4450bf42408672,signature_verification/full_org/original_3776_2.jpg,3776,genuine
0c07d350a9fd7bf3990f747db192ccc10f12093a372a80c3e882ba7ebd9ced3c,signature_verification/full_org/original_3781_5.jpg,3781,genuine
0c07d350a9fd7bf3990f747db192ccc10f12093a372a80c3e882ba7ebd9ced3c,signature_verification/full_org/original_3781_6.jpg,3781,genuine
f68bf8f712ba28a54ec4fa0873d2001feda30a1480a6c451b9f0bfb0f9a8f8ef,signature_verification/full_org/original_3934_1.jpg,3934,genuine
f68bf8f712ba28a54ec4fa0873d2001feda30a1480a6c451b9f0bfb0f9a8f8ef,signature_verification/full_org/original_3934_2.jpg,3934,genuine
2b26f2829ea81535cfaed650b4e0fdca876d4ec12163e646eca1bc0b0ce6c933,signature_verification/full_org/original_3940_10.jpg,3940,genuine
2b26f2829ea81535cfaed650b4e0fdca876d4ec12163e646eca1bc0b0ce6c933,signature_verification/full_org/original_3940_9.jpg,3940,genuine
23bfa0c5d88b4413e8049e3b654e3eb35be6f42c40644d6dd8e31a7ac04a8cda,signature_verification/full_org/original_3999_10.jpg,3999,genuine
23bfa0c5d88b4413e8049e3b654e3eb35be6f42c40644d6dd8e31a7ac04a8cda,signature_verification/full_org/original_3999_9.jpg,3999,genuine
999a286ff067414793321c2b3e1fba67adbb205ea02a2438f68821926b704ed0,signature_verification/full_org/original_3_5.jpg,3,genuine
999a286ff067414793321c2b3e1fba67adbb205ea02a2438f68821926b704ed0,signature_verification/full_org/original_3_6.jpg,3,genuine
ed54a59304173240c37d51e2e6097dcdcff206ba1da71707f71813103cbc8a97,signature_verification/full_org/original_401_1.jpg,401,genuine
ed54a59304173240c37d51e2e6097dcdcff206ba1da71707f71813103cbc8a97,signature_verification/full_org/original_401_2.jpg,401,genuine
af36873b87b7671075a26aadc69c5e7da11c8279cf93097d99dffc8694fb2637,signature_verification/full_org/original_408_1.jpg,408,genuine
af36873b87b7671075a26aadc69c5e7da11c8279cf93097d99dffc8694fb2637,signature_verification/full_org/original_408_2.jpg,408,genuine
7495d7d2f9da9562d6895eee06701c55eedd66fdca7994b81bc44654913afb2a,signature_verification/full_org/original_456_5.jpg,456,genuine
7495d7d2f9da9562d6895eee06701c55eedd66fdca7994b81bc44654913afb2a,signature_verification/full_org/original_456_6.jpg,456,genuine
4385e202fb5f5c3a8c691826d6b7477f8e60bc56c1c5e32c196fcfae91401f7d,signature_verification/full_org/original_476_5.jpg,476,genuine
4385e202fb5f5c3a8c691826d6b7477f8e60bc56c1c5e32c196fcfae91401f7d,signature_verification/full_org/original_476_6.jpg,476,genuine
c6b249c14a4e9f091a6b2393f5e7dad89f7d3d6ff384e1f6362c667ace79622c,signature_verification/full_org/original_482_5.jpg,482,genuine
c6b249c14a4e9f091a6b2393f5e7dad89f7d3d6ff384e1f6362c667ace79622c,signature_verification/full_org/original_482_6.jpg,482,genuine
5864a4e0ce8c52d28c43a23175278a9137be8cc7c76284de02447614d5d2f661,signature_verification/full_org/original_484_5.jpg,484,genuine
5864a4e0ce8c52d28c43a23175278a9137be8cc7c76284de02447614d5d2f661,signature_verification/full_org/original_484_6.jpg,484,genuine
73c161cf8d718b55e28f0358829ad6a06a17e105ddd62d5baf236422aeef1810,signature_verification/full_org/original_491_1.jpg,491,genuine
73c161cf8d718b55e28f0358829ad6a06a17e105ddd62d5baf236422aeef1810,signature_verification/full_org/original_491_2.jpg,491,genuine
2fd47a7aa6d32a5e378b59c6818c27b26bc9e171d3d1b28075c33c272efdfc84,signature_verification/full_org/original_507_10.jpg,507,genuine
2fd47a7aa6d32a5e378b59c6818c27b26bc9e171d3d1b28075c33c272efdfc84,signature_verification/full_org/original_507_9.jpg,507,genuine
5c2fb5910285c5c536cee02c7e9443838284b1b68a7dedc059acf6623c2c35ac,signature_verification/full_org/original_510_10.jpg,510,genuine
5c2fb5910285c5c536cee02c7e9443838284b1b68a7dedc059acf6623c2c35ac,signature_verification/full_org/original_510_9.jpg,510,genuine
153cd21454720bff31d7e4c6a23e133f10ed6364d5576d386dbc8681d7cf3637,signature_verification/full_org/original_532_1.jpg,532,genuine
153cd21454720bff31d7e4c6a23e133f10ed6364d5576d386dbc8681d7cf3637,signature_verification/full_org/original_532_2.jpg,532,genuine
a7eedb80aa7075a99dadb2429707434fe69f9df216d8353dda06ba1e2e894fc8,signature_verification/full_org/original_535_5.jpg,535,genuine
a7eedb80aa7075a99dadb2429707434fe69f9df216d8353dda06ba1e2e894fc8,signature_verification/full_org/original_535_6.jpg,535,genuine
cf89912dc8b77c2f208d0d2f487967239089d021cf6b40071d114742f0827053,signature_verification/full_org/original_545_10.jpg,545,genuine
cf89912dc8b77c2f208d0d2f487967239089d021cf6b40071d114742f0827053,signature_verification/full_org/original_545_9.jpg,545,genuine
8ad95b1dd1f6c2a31bda33d63746efd637b1fc2df9c283a9b67260415f9d6234,signature_verification/full_org/original_575_5.jpg,575,genuine
8ad95b1dd1f6c2a31bda33d63746efd637b1fc2df9c283a9b67260415f9d6234,signature_verification/full_org/original_575_6.jpg,575,genuine
0aea3562f1f86334efe5003ac68f4fe9151d7d34f9ee247d9362a87fe95c0307,signature_verification/full_org/original_585_5.jpg,585,genuine
0aea3562f1f86334efe5003ac68f4fe9151d7d34f9ee247d9362a87fe95c0307,signature_verification/full_org/original_585_6.jpg,585,genuine
2a438296843045b2266364838a68e5e4c0b61e3fefb2a7ff4a229a85b32eb72e,signature_verification/full_org/original_614_5.jpg,614,genuine
2a438296843045b2266364838a68e5e4c0b61e3fefb2a7ff4a229a85b32eb72e,signature_verification/full_org/original_614_6.jpg,614,genuine
e5bce01b0190e7b5323ada4a8878b1426c6793e12028bdfcd1e75918861c8663,signature_verification/full_org/original_620_1.jpg,620,genuine
e5bce01b0190e7b5323ada4a8878b1426c6793e12028bdfcd1e75918861c8663,signature_verification/full_org/original_620_2.jpg,620,genuine
40d8bf8345d00ba74bc8162b22fc98446d06c044b63398ac8a1c5edf48bc0562,signature_verification/full_org/original_64_5.jpg,64,genuine
40d8bf8345d00ba74bc8162b22fc98446d06c044b63398ac8a1c5edf48bc0562,signature_verification/full_org/original_64_6.jpg,64,genuine
b73d4842dd62473c076dfa106aa8e148eacf237e087bf3a4071bad2b8645196e,signature_verification/full_org/original_664_10.jpg,664,genuine
b73d4842dd62473c076dfa106aa8e148eacf237e087bf3a4071bad2b8645196e,signature_verification/full_org/original_664_9.jpg,664,genuine
0adf6a4fcd904bbf17469e48d3c1191fe80cad702ba086c4fb18ea8e4995ae47,signature_verification/full_org/original_671_10.jpg,671,genuine
0adf6a4fcd904bbf17469e48d3c1191fe80cad702ba086c4fb18ea8e4995ae47,signature_verification/full_org/original_671_9.jpg,671,genuine
176c7d11c83b10daa68108493f2597a2dfaa76d1120dcee5a32baad8ea8bacdd,signature_verification/full_org/original_677_10.jpg,677,genuine
176c7d11c83b10daa68108493f2597a2dfaa76d1120dcee5a32baad8ea8bacdd,signature_verification/full_org/original_677_9.jpg,677,genuine
259b6a99652d934aeaed6807af20661e3e173bb285012756918aec009248f5e3,signature_verification/full_org/original_680_1.jpg,680,genuine
259b6a99652d934aeaed6807af20661e3e173bb285012756918aec009248f5e3,signature_verification/full_org/original_680_2.jpg,680,genuine
9d9e8dc061566f8907776d3b80e04afe10982403a69dd8d3ef7539fdf62c8ac8,signature_verification/full_org/original_684_5.jpg,684,genuine
9d9e8dc061566f8907776d3b80e04afe10982403a69dd8d3ef7539fdf62c8ac8,signature_verification/full_org/original_684_6.jpg,684,genuine
3a0733c34cebdf1da53a841689ad4fa658df42aebb724ee402b29bd824ab199b,signature_verification/full_org/original_690_1.jpg,690,genuine
3a0733c34cebdf1da53a841689ad4fa658df42aebb724ee402b29bd824ab199b,signature_verification/full_org/original_690_2.jpg,690,genuine
136d3c3f1ed65b7dca7e590b043502a5af1a050b095c1cb6e21a52563a314d3d,signature_verification/full_org/original_734_10.jpg,734,genuine
136d3c3f1ed65b7dca7e590b043502a5af1a050b095c1cb6e21a52563a314d3d,signature_verification/full_org/original_734_9.jpg,734,genuine
3c3680a63813b1a534fe2c59ff3bb3caec43997c09e4d74dc6c686ab0077bab4,signature_verification/full_org/original_763_5.jpg,763,genuine
3c3680a63813b1a534fe2c59ff3bb3caec43997c09e4d74dc6c686ab0077bab4,signature_verification/full_org/original_763_6.jpg,763,genuine
51ceaa3d184b00806ccba27b79b910a7b06cc6b00f2d4deeaf3fd99c019c2bd2,signature_verification/full_org/original_780_5.jpg,780,genuine
51ceaa3d184b00806ccba27b79b910a7b06cc6b00f2d4deeaf3fd99c019c2bd2,signature_verification/full_org/original_780_6.jpg,780,genuine
5d7fbf3c41b6af774f4da6bd5819f9be55b6b308d470b01473c1106bdf0ade89,signature_verification/full_org/original_788_1.jpg,788,genuine
5d7fbf3c41b6af774f4da6bd5819f9be55b6b308d470b01473c1106bdf0ade89,signature_verification/full_org/original_788_2.jpg,788,genuine
3d3728d09753266047f97e53cd9eb55e38f1f764d46c4505adf1f9ca4cb1915a,signature_verification/full_org/original_793_5.jpg,793,genuine
3d3728d09753266047f97e53cd9eb55e38f1f764d46c4505adf1f9ca4cb1915a,signature_verification/full_org/original_793_6.jpg,793,genuine
c135b746a23561ec5f956f4d41c74fc528e04c7a74de268a88dce1c8effacd9d,signature_verification/full_org/original_802_1.jpg,802,genuine
c135b746a23561ec5f956f4d41c74fc528e04c7a74de268a88dce1c8effacd9d,signature_verification/full_org/original_802_2.jpg,802,genuine
774fe87319b2d50bbf4da053139504614136881db6b373b783537309d4816dc1,signature_verification/full_org/original_804_1.jpg,804,genuine
774fe87319b2d50bbf4da053139504614136881db6b373b783537309d4816dc1,signature_verification/full_org/original_804_2.jpg,804,genuine
43cea8d080c2684033391446569b7e41bf8956f934464f47913b3454da78bd32,signature_verification/full_org/original_834_5.jpg,834,genuine
43cea8d080c2684033391446569b7e41bf8956f934464f47913b3454da78bd32,signature_verification/full_org/original_834_6.jpg,834,genuine
43cd0b6cb9a3e1ea62ad7ddfb397cdca7017844aab971ef9d3f92d00862a2ffb,signature_verification/full_org/original_838_1.jpg,838,genuine
43cd0b6cb9a3e1ea62ad7ddfb397cdca7017844aab971ef9d3f92d00862a2ffb,signature_verification/full_org/original_838_2.jpg,838,genuine
8688d99cd869aecd560a6b0370bb1393ad87792fc6de2fcdaa5f1c9a3f6f0c29,signature_verification/full_org/original_838_10.jpg,838,genuine
8688d99cd869aecd560a6b0370bb1393ad87792fc6de2fcdaa5f1c9a3f6f0c29,signature_verification/full_org/original_838_9.jpg,838,genuine
0c6e1ebdd3ccd9d40c6baa283cf308454d1f9fd1619241182fa873841fe62a34,signature_verification/full_org/original_855_10.jpg,855,genuine
0c6e1ebdd3ccd9d40c6baa283cf308454d1f9fd1619241182fa873841fe62a34,signature_verification/full_org/original_855_9.jpg,855,genuine
a584d64f065cee742057bbc67b4d903fe7ad154b6f391dc512758cc4c9f7e6ae,signature_verification/full_org/original_883_5.jpg,883,genuine
a584d64f065cee742057bbc67b4d903fe7ad154b6f391dc512758cc4c9f7e6ae,signature_verification/full_org/original_883_6.jpg,883,genuine
83b673b8a3efe2e78111c3fb6fb2d3d185aa6eb870221c7cc3f36e8981c3f2b8,signature_verification/full_org/original_892_5.jpg,892,genuine
83b673b8a3efe2e78111c3fb6fb2d3d185aa6eb870221c7cc3f36e8981c3f2b8,signature_verification/full_org/original_892_6.jpg,892,genuine
0b2b2df83c156729771034b21db42d18b969bcdfbba3388f3d990e3fb9f3c71b,signature_verification/full_org/original_898_5.jpg,898,genuine
0b2b2df83c156729771034b21db42d18b969bcdfbba3388f3d990e3fb9f3c71b,signature_verification/full_org/original_898_6.jpg,898,genuine
4c964e57ca4210a5a3b2309cded236466cb6053f54f431476d570c9317422bb3,signature_verification/full_org/original_918_10.jpg,918,genuine
4c964e57ca4210a5a3b2309cded236466cb6053f54f431476d570c9317422bb3,signature_verification/full_org/original_918_9.jpg,918,genuine
b79598a381b06ac24c83b3826a4b43e5aa8c6104d3437b12e5a1cdfc367f78ff,signature_verification/full_org/original_927_5.jpg,927,genuine
b79598a381b06ac24c83b3826a4b43e5aa8c6104d3437b12e5a1cdfc367f78ff,signature_verification/full_org/original_927_6.jpg,927,genuine
59aa0aad4a4d9432120a4feef01b97476dff9a48079bd1f37c9c186b26db6ff7,signature_verification/full_org/original_931_1.jpg,931,genuine
59aa0aad4a4d9432120a4feef01b97476dff9a48079bd1f37c9c186b26db6ff7,signature_verification/full_org/original_931_2.jpg,931,genuine
fc89c841cabf4f16f2c5434e3eeafa6619c54112115a62c01222e7215c708964,signature_verification/full_org/original_954_10.jpg,954,genuine
fc89c841cabf4f16f2c5434e3eeafa6619c54112115a62c01222e7215c708964,signature_verification/full_org/original_954_9.jpg,954,genuine
d658af46c9ef8c3b48f2d5e7edf88ddbdc7386d37ba202c4915f62e1ce5bf6ee,signature_verification/full_org/original_964_1.jpg,964,genuine
d658af46c9ef8c3b48f2d5e7edf88ddbdc7386d37ba202c4915f62e1ce5bf6ee,signature_verification/full_org/original_964_2.jpg,964,genuine
788f498c73e71109b0b17fac9df9d775b17d3778d750d178792f96db38d6690b,signature_verification/full_org/original_968_1.jpg,968,genuine
788f498c73e71109b0b17fac9df9d775b17d3778d750d178792f96db38d6690b,signature_verification/full_org/original_968_2.jpg,968,genuine
f3bb2ccba2100e44f08d49d51958c7ac22b4a52460ff4411737a4df4a3f0a5c9,signature_verification/full_org/original_978_5.jpg,978,genuine
f3bb2ccba2100e44f08d49d51958c7ac22b4a52460ff4411737a4df4a3f0a5c9,signature_verification/full_org/original_978_6.jpg,978,genuine
e0fbbed625d4376786a602ec6f1b2f4bea6b403061086eb8839c87dbf2bd8e53,signature_verification/full_org/original_97_1.jpg,97,genuine
e0fbbed625d4376786a602ec6f1b2f4bea6b403061086eb8839c87dbf2bd8e53,signature_verification/full_org/original_97_2.jpg,97,genuine
f36631d86955064b934b37ca7d2c1837e9652b6ef55e7e537e1c5fa8b0663f81,signature_verification/full_org/original_989_5.jpg,989,genuine
f36631d86955064b934b37ca7d2c1837e9652b6ef55e7e537e1c5fa8b0663f81,signature_verification/full_org/original_989_6.jpg,989,genuine
